account_id,customer_id,account_number,account_type,balance_idr,created_date,status,tier
ACC00001,NBC0001,8872404347,tabungan,38477609,2024-09-12,active,gold
ACC00002,NBC0002,8825313795,tabungan,17389088,2023-02-05,active,platinum
ACC00003,NBC0003,8810077732,deposito,461565881,2024-05-23,closed,basic
ACC00004,NBC0004,8850361920,bisnis,20169496,2024-12-28,active,silver
ACC00005,NBC0005,8899919387,tabungan,9939015,2024-08-21,active,silver
ACC00006,NBC0006,8870342444,tabungan,13077259,2023-07-15,active,silver
ACC00007,NBC0007,8889047607,tabungan,30201946,2025-01-31,active,basic
ACC00008,NBC0008,8823510765,tabungan,35972714,2024-07-08,active,basic
ACC00009,NBC0009,8870851732,tabungan,5214791,2024-06-11,closed,silver
ACC00010,NBC0010,8851456340,bisnis,144975425,2024-10-22,active,gold
ACC00011,NBC0011,8885805581,tabungan,40702107,2023-04-19,active,silver
ACC00012,NBC0012,8857449653,tabungan,49016976,2024-05-20,active,gold
ACC00013,NBC0013,8816077004,deposito,328345184,2024-10-26,active,silver
ACC00014,NBC0014,8830454184,bisnis,3535444,2024-12-03,active,basic
ACC00015,NBC0015,8898221803,tabungan,1333124,2023-11-03,active,silver
ACC00016,NBC0016,8862038588,tabungan,39598019,2024-07-21,active,basic
ACC00017,NBC0017,8840788026,tabungan,26899266,2025-02-07,dormant,basic
ACC00018,NBC0018,8895164693,tabungan,21688649,2023-01-20,active,silver
ACC00019,NBC0019,8835623039,deposito,470441116,2024-10-23,active,gold
ACC00020,NBC0020,8840880670,deposito,256482549,2023-11-20,active,silver
ACC00021,NBC0021,8898709201,deposito,276436093,2024-08-25,active,silver
ACC00022,NBC0022,8891843113,bisnis,161423083,2024-06-30,active,basic
ACC00023,NBC0023,8826611584,tabungan,45784322,2025-01-23,active,basic
ACC00024,NBC0024,8880526321,tabungan,37247764,2025-02-08,active,silver
ACC00025,NBC0025,8860472205,bisnis,30414013,2025-02-11,active,basic
ACC00026,NBC0026,8870774544,deposito,126273926,2025-01-04,active,silver
ACC00027,NBC0027,8808231714,tabungan,32328877,2025-01-16,active,gold
ACC00028,NBC0028,8899539467,tabungan,26299401,2023-06-16,active,silver
ACC00029,NBC0029,8826235960,tabungan,26103740,2024-05-17,active,basic
ACC00030,NBC0030,8802618402,tabungan,24480790,2023-12-18,active,basic
ACC00031,NBC0031,8887036860,tabungan,25196721,2025-01-27,active,silver
ACC00032,NBC0032,8863066360,tabungan,22289149,2024-08-19,dormant,gold
ACC00033,NBC0033,8828164098,deposito,204160091,2022-06-20,dormant,gold
ACC00034,NBC0034,8803909120,tabungan,39544466,2023-12-21,active,silver
ACC00035,NBC0035,8802520945,tabungan,49812899,2023-06-25,active,silver
ACC00036,NBC0036,8837597953,tabungan,10708541,2025-02-15,active,basic
ACC00037,NBC0037,8826009860,tabungan,7623836,2023-12-13,active,gold
ACC00038,NBC0038,8857454492,deposito,76429571,2025-02-06,active,silver
ACC00039,NBC0039,8848944538,bisnis,12269484,2024-07-24,active,silver
ACC00040,NBC0040,8880818965,tabungan,6177576,2022-12-16,dormant,silver
ACC00041,NBC0041,8883445662,tabungan,42328285,2024-09-02,active,gold
ACC00042,NBC0042,8821797056,tabungan,11365832,2024-03-30,closed,basic
ACC00043,NBC0043,8836162486,bisnis,102474919,2023-10-17,active,basic
ACC00044,NBC0044,8804726602,tabungan,2145703,2024-08-11,dormant,platinum
ACC00045,NBC0045,8815850153,tabungan,13303020,2024-06-29,active,basic
ACC00046,NBC0046,8817316715,tabungan,45794107,2022-01-22,active,silver
ACC00047,NBC0047,8858790522,tabungan,28503608,2023-11-12,active,gold
ACC00048,NBC0048,8813395479,tabungan,17257056,2024-09-01,active,basic
ACC00049,NBC0049,8864531579,bisnis,71728888,2025-01-02,active,gold
ACC00050,NBC0050,8871918986,tabungan,3751677,2023-11-06,active,silver
ACC00051,NBC0051,8846936561,tabungan,29274050,2024-09-25,active,gold
ACC00052,NBC0052,8835974876,tabungan,37260122,2023-04-21,closed,silver
ACC00053,NBC0053,8857023771,tabungan,36804429,2023-02-16,active,basic
ACC00054,NBC0054,8830192209,deposito,296016720,2024-12-05,active,silver
ACC00055,NBC0055,8873332973,deposito,198209483,2024-12-03,active,silver
ACC00056,NBC0056,8839644028,tabungan,45909339,2023-12-14,active,basic
ACC00057,NBC0057,8832676992,bisnis,36301613,2023-12-24,active,gold
ACC00058,NBC0058,8877392385,tabungan,17433367,2025-01-25,active,basic
ACC00059,NBC0059,8802320914,deposito,354881760,2023-07-28,active,silver
ACC00060,NBC0060,8816933284,tabungan,46320548,2023-08-16,active,silver
ACC00061,NBC0061,8834719982,deposito,162483072,2023-11-23,active,basic
ACC00062,NBC0062,8875515452,tabungan,40909430,2024-12-30,active,basic
ACC00063,NBC0063,8875699913,tabungan,26205618,2024-08-06,closed,basic
ACC00064,NBC0064,8810064332,tabungan,37084643,2023-02-17,active,silver
ACC00065,NBC0065,8862277773,tabungan,12468502,2024-09-28,dormant,basic
ACC00066,NBC0066,8868066470,tabungan,13773567,2024-07-14,active,basic
ACC00067,NBC0067,8803850360,deposito,435922125,2024-11-02,active,basic
ACC00068,NBC0068,8852984241,deposito,184882936,2024-02-14,active,basic
ACC00069,NBC0069,8807402740,bisnis,195901180,2024-08-24,active,silver
ACC00070,NBC0070,8867582676,tabungan,45425159,2024-09-08,active,basic
ACC00071,NBC0071,8890620036,tabungan,9342239,2024-01-10,active,silver
ACC00072,NBC0072,8856461497,deposito,107494170,2024-11-24,active,silver
ACC00073,NBC0073,8897931839,tabungan,18035903,2023-10-13,active,basic
ACC00074,NBC0074,8897984914,tabungan,47007942,2024-10-29,active,basic
ACC00075,NBC0075,8860995504,tabungan,40280901,2025-02-14,active,platinum
ACC00076,NBC0076,8832664322,deposito,325627569,2025-02-03,active,basic
ACC00077,NBC0077,8894612128,deposito,405130728,2023-02-27,active,gold
ACC00078,NBC0078,8881159485,tabungan,39407260,2025-02-09,active,silver
ACC00079,NBC0079,8800127622,deposito,127394989,2024-05-30,dormant,silver
ACC00080,NBC0080,8874225678,tabungan,13059295,2025-02-09,active,silver
ACC00081,NBC0081,8818882237,bisnis,187353435,2024-06-26,active,silver
ACC00082,NBC0082,8887058416,tabungan,35389839,2025-01-02,active,gold
ACC00083,NBC0083,8861349564,bisnis,140665331,2024-06-02,active,basic
ACC00084,NBC0084,8860586794,tabungan,31475986,2023-09-08,active,platinum
ACC00085,NBC0085,8838309723,bisnis,152801959,2024-01-22,active,basic
ACC00086,NBC0086,8810809261,deposito,217048688,2024-10-04,active,basic
ACC00087,NBC0087,8820165557,tabungan,25882627,2023-07-13,active,silver
ACC00088,NBC0088,8845786555,tabungan,46028220,2024-11-10,active,gold
ACC00089,NBC0089,8812476400,tabungan,33220402,2024-04-27,active,basic
ACC00090,NBC0090,8887586824,tabungan,3610002,2024-11-10,closed,platinum
ACC00091,NBC0091,8851665451,tabungan,45955040,2023-02-11,active,gold
ACC00092,NBC0092,8844418997,tabungan,10428473,2023-07-23,active,platinum
ACC00093,NBC0093,8823386860,tabungan,19971344,2024-09-11,active,gold
ACC00094,NBC0094,8857017036,tabungan,34497231,2024-05-25,active,silver
ACC00095,NBC0095,8894423860,tabungan,13118171,2024-12-11,active,gold
ACC00096,NBC0096,8850898309,tabungan,11733890,2023-01-24,active,silver
ACC00097,NBC0097,8813490961,tabungan,18754721,2024-11-15,dormant,gold
ACC00098,NBC0098,8897972452,bisnis,163548236,2024-12-20,active,gold
ACC00099,NBC0099,8813569480,tabungan,37361436,2023-08-15,active,silver
ACC00100,NBC0100,8807356748,tabungan,20153746,2024-07-16,active,platinum
ACC00101,NBC0101,8857394059,bisnis,4301241,2024-10-28,active,basic
ACC00102,NBC0102,8880260294,bisnis,169060638,2025-01-10,active,silver
ACC00103,NBC0103,8803158925,tabungan,18237167,2022-11-16,active,basic
ACC00104,NBC0104,8890734203,tabungan,35035835,2025-01-06,active,basic
ACC00105,NBC0105,8877748675,tabungan,6567216,2024-08-11,active,silver
ACC00106,NBC0106,8814186482,tabungan,41013755,2024-09-09,active,silver
ACC00107,NBC0107,8888295868,deposito,113161554,2023-06-17,dormant,silver
ACC00108,NBC0108,8819623326,deposito,437707701,2023-11-07,dormant,silver
ACC00109,NBC0109,8858694276,deposito,21711700,2025-01-30,dormant,basic
ACC00110,NBC0110,8883173066,tabungan,32350208,2024-08-20,closed,gold
ACC00111,NBC0111,8893151817,tabungan,12299941,2024-12-06,active,basic
ACC00112,NBC0112,8824265594,tabungan,36398001,2024-04-29,dormant,gold
ACC00113,NBC0113,8862327237,tabungan,27904508,2022-05-27,active,platinum
ACC00114,NBC0114,8898902237,tabungan,8089116,2023-10-30,dormant,basic
ACC00115,NBC0115,8800654870,deposito,369701592,2025-02-06,active,silver
ACC00116,NBC0116,8847795417,bisnis,180646716,2024-11-04,active,silver
ACC00117,NBC0117,8855398188,tabungan,28333992,2024-10-20,active,silver
ACC00118,NBC0118,8807378159,tabungan,41997085,2024-10-24,active,basic
ACC00119,NBC0119,8879089458,tabungan,4448786,2024-03-18,active,silver
ACC00120,NBC0120,8862683848,deposito,331699100,2025-01-06,dormant,basic
ACC00121,NBC0121,8863802076,tabungan,34441379,2024-10-27,active,silver
ACC00122,NBC0122,8839612190,deposito,47559668,2024-08-30,active,basic
ACC00123,NBC0123,8818812988,tabungan,42515139,2025-01-16,dormant,basic
ACC00124,NBC0124,8818207066,tabungan,43289614,2024-06-06,active,gold
ACC00125,NBC0125,8890107923,tabungan,48100864,2025-02-07,dormant,basic
ACC00126,NBC0126,8898268933,tabungan,32382560,2025-01-30,active,gold
ACC00127,NBC0127,8864970350,tabungan,18548290,2025-01-20,active,basic
ACC00128,NBC0128,8857896833,tabungan,28334251,2025-01-11,active,silver
ACC00129,NBC0129,8870773123,tabungan,22804218,2024-04-01,active,basic
ACC00130,NBC0130,8855057052,tabungan,6820955,2023-04-28,active,silver
ACC00131,NBC0131,8887993844,tabungan,43298476,2022-10-23,active,gold
ACC00132,NBC0132,8845883114,tabungan,17776979,2025-01-06,active,silver
ACC00133,NBC0133,8870123503,deposito,39301435,2024-03-25,active,gold
ACC00134,NBC0134,8871568910,deposito,220068526,2025-01-25,active,basic
ACC00135,NBC0135,8877978023,deposito,317877266,2024-10-03,active,silver
ACC00136,NBC0136,8844568446,tabungan,42969783,2025-01-30,active,basic
ACC00137,NBC0137,8840366401,tabungan,31844419,2025-02-02,active,gold
ACC00138,NBC0138,8829573783,tabungan,29091459,2025-02-01,active,gold
ACC00139,NBC0139,8897572927,tabungan,8087646,2024-10-31,active,basic
ACC00140,NBC0140,8886830291,deposito,130370860,2024-08-06,active,basic
ACC00141,NBC0141,8854233241,tabungan,22341671,2024-10-17,active,silver
ACC00142,NBC0142,8818548396,tabungan,25327246,2024-10-16,active,basic
ACC00143,NBC0143,8873446746,tabungan,26209454,2024-01-28,closed,gold
ACC00144,NBC0144,8859584174,tabungan,11957195,2023-10-29,closed,silver
ACC00145,NBC0145,8816170502,deposito,402672992,2024-12-19,active,basic
ACC00146,NBC0146,8881698141,tabungan,11212209,2023-02-22,closed,silver
ACC00147,NBC0147,8847609483,tabungan,15395893,2024-09-21,closed,basic
ACC00148,NBC0148,8874029286,bisnis,186792823,2024-11-01,active,silver
ACC00149,NBC0149,8833026509,tabungan,19468659,2024-10-20,active,silver
ACC00150,NBC0150,8821836677,tabungan,48821639,2024-05-16,active,silver
ACC00151,NBC0151,8866661025,tabungan,8362059,2025-02-14,active,gold
ACC00152,NBC0152,8842022234,tabungan,26551382,2025-01-05,active,silver
ACC00153,NBC0153,8880137683,tabungan,41285955,2025-01-19,closed,gold
ACC00154,NBC0154,8859017791,tabungan,28351222,2024-07-27,active,gold
ACC00155,NBC0155,8844614409,tabungan,22071296,2023-01-19,active,basic
ACC00156,NBC0156,8835174656,deposito,93156667,2024-12-19,active,silver
ACC00157,NBC0157,8860186372,tabungan,20713822,2023-12-27,active,silver
ACC00158,NBC0158,8819956955,tabungan,25575199,2024-11-23,active,basic
ACC00159,NBC0159,8827764149,tabungan,39200834,2023-11-21,active,silver
ACC00160,NBC0160,8838502551,tabungan,3118637,2023-10-18,active,basic
ACC00161,NBC0161,8844486722,bisnis,196084048,2024-11-27,active,gold
ACC00162,NBC0162,8839047331,deposito,291391150,2025-01-21,active,basic
ACC00163,NBC0163,8846157493,tabungan,17057801,2024-01-23,active,basic
ACC00164,NBC0164,8811497887,tabungan,10086933,2024-04-14,dormant,silver
ACC00165,NBC0165,8831204095,deposito,321563476,2024-04-17,dormant,basic
ACC00166,NBC0166,8877661830,tabungan,19253869,2023-06-24,dormant,gold
ACC00167,NBC0167,8858001873,tabungan,46966486,2024-04-17,active,silver
ACC00168,NBC0168,8839151143,tabungan,5856202,2024-09-17,active,basic
ACC00169,NBC0169,8886210781,tabungan,29167141,2024-12-28,active,silver
ACC00170,NBC0170,8810968564,tabungan,36928851,2024-09-19,active,gold
ACC00171,NBC0171,8870680269,tabungan,8748582,2025-01-19,active,platinum
ACC00172,NBC0172,8831542306,tabungan,44160036,2023-02-27,active,silver
ACC00173,NBC0173,8823028655,tabungan,2330723,2023-01-24,active,silver
ACC00174,NBC0174,8852241142,tabungan,46765799,2023-09-05,active,basic
ACC00175,NBC0175,8867015145,tabungan,1932642,2023-08-21,active,silver
ACC00176,NBC0176,8892016633,tabungan,49662267,2025-01-19,active,silver
ACC00177,NBC0177,8822240053,deposito,460698471,2023-01-10,active,basic
ACC00178,NBC0178,8822205620,deposito,471573546,2024-04-26,active,basic
ACC00179,NBC0179,8890113484,tabungan,6515995,2024-06-17,active,silver
ACC00180,NBC0180,8891332528,deposito,117246775,2023-09-03,active,basic
ACC00181,NBC0181,8832394564,tabungan,25523014,2024-03-15,active,gold
ACC00182,NBC0182,8834286449,tabungan,22464469,2022-09-23,dormant,platinum
ACC00183,NBC0183,8802498663,tabungan,29810331,2023-08-07,active,silver
ACC00184,NBC0184,8809536773,bisnis,72339419,2023-01-12,active,gold
ACC00185,NBC0185,8829735615,tabungan,18670895,2025-02-11,active,platinum
ACC00186,NBC0186,8866559147,tabungan,46294914,2023-12-03,dormant,platinum
ACC00187,NBC0187,8853809664,tabungan,26278276,2024-12-03,active,silver
ACC00188,NBC0188,8875336952,tabungan,7161623,2024-03-11,active,silver
ACC00189,NBC0189,8846653538,tabungan,19463832,2024-07-16,dormant,basic
ACC00190,NBC0190,8829853243,tabungan,39060736,2024-05-21,active,gold
ACC00191,NBC0191,8867924157,deposito,476066499,2025-02-03,active,basic
ACC00192,NBC0192,8876383543,tabungan,5589251,2024-02-25,active,silver
ACC00193,NBC0193,8868586390,tabungan,44348136,2023-08-19,active,basic
ACC00194,NBC0194,8816824979,tabungan,27813194,2024-12-28,active,silver
ACC00195,NBC0195,8899816153,tabungan,42976892,2024-05-08,dormant,gold
ACC00196,NBC0196,8811683710,tabungan,45318678,2025-01-10,active,gold
ACC00197,NBC0197,8873726072,tabungan,16531144,2023-04-30,active,basic
ACC00198,NBC0198,8848967808,tabungan,372926,2023-06-05,active,basic
ACC00199,NBC0199,8849312146,tabungan,9491077,2023-11-25,active,basic
ACC00200,NBC0200,8847625429,bisnis,53236645,2024-12-14,active,silver
ACC00201,NBC0201,8864563391,tabungan,42568814,2024-07-09,active,silver
ACC00202,NBC0202,8899403694,tabungan,30970714,2024-04-30,active,basic
ACC00203,NBC0203,8811266497,bisnis,136228242,2025-02-07,dormant,basic
ACC00204,NBC0204,8867068335,deposito,52476129,2024-09-30,active,silver
ACC00205,NBC0205,8810161259,tabungan,14909157,2024-08-07,active,basic
ACC00206,NBC0206,8863994901,deposito,19785369,2023-02-28,active,basic
ACC00207,NBC0207,8834437673,deposito,109522014,2024-11-15,active,silver
ACC00208,NBC0208,8881409841,tabungan,46113269,2023-12-07,active,gold
ACC00209,NBC0209,8816793014,deposito,396040881,2023-03-03,active,silver
ACC00210,NBC0210,8816049910,tabungan,36634326,2024-12-20,active,basic
ACC00211,NBC0211,8842028866,deposito,30533926,2025-02-07,active,silver
ACC00212,NBC0212,8880199034,tabungan,8090648,2024-11-19,active,silver
ACC00213,NBC0213,8834854842,deposito,82513132,2024-05-23,active,silver
ACC00214,NBC0214,8853160791,tabungan,4120741,2024-08-12,active,gold
ACC00215,NBC0215,8813860157,tabungan,32692323,2025-02-05,active,basic
ACC00216,NBC0216,8871321940,bisnis,27043445,2023-06-15,active,gold
ACC00217,NBC0217,8870288141,bisnis,36835090,2024-12-31,active,gold
ACC00218,NBC0218,8887452719,deposito,69011710,2023-12-08,active,silver
ACC00219,NBC0219,8878576463,tabungan,14402694,2023-10-18,active,silver
ACC00220,NBC0220,8838107491,bisnis,162956147,2022-09-07,active,basic
ACC00221,NBC0221,8819423215,deposito,358057753,2024-11-22,active,silver
ACC00222,NBC0222,8801315350,tabungan,19156158,2024-10-28,active,silver
ACC00223,NBC0223,8826168455,tabungan,27679370,2024-12-03,closed,gold
ACC00224,NBC0224,8827410254,bisnis,45387963,2024-10-27,active,silver
ACC00225,NBC0225,8879899488,tabungan,32752408,2022-05-14,active,silver
ACC00226,NBC0226,8869489930,tabungan,24184568,2025-01-04,active,basic
ACC00227,NBC0227,8819567563,tabungan,2155243,2024-09-12,active,silver
ACC00228,NBC0228,8884227172,tabungan,24636364,2023-10-16,active,silver
ACC00229,NBC0229,8825650460,tabungan,26253416,2024-06-16,active,gold
ACC00230,NBC0230,8801441306,tabungan,32071397,2022-07-03,active,silver
ACC00231,NBC0231,8824087100,tabungan,34274787,2024-10-31,active,basic
ACC00232,NBC0232,8866890417,tabungan,42926961,2025-02-13,dormant,silver
ACC00233,NBC0233,8820762381,bisnis,36893298,2025-01-19,active,silver
ACC00234,NBC0234,8822328222,tabungan,8268130,2024-04-06,active,gold
ACC00235,NBC0235,8840847528,tabungan,37416984,2023-02-06,dormant,basic
ACC00236,NBC0236,8899940041,tabungan,13025487,2025-02-06,active,basic
ACC00237,NBC0237,8847913511,tabungan,2718166,2024-10-08,active,silver
ACC00238,NBC0238,8805357228,tabungan,16627215,2024-11-17,active,silver
ACC00239,NBC0239,8806415780,tabungan,39831714,2023-05-15,active,basic
ACC00240,NBC0240,8878302801,deposito,326475593,2024-12-17,dormant,silver
ACC00241,NBC0241,8819453419,deposito,17739748,2023-09-13,active,silver
ACC00242,NBC0242,8881447867,bisnis,89866549,2022-12-05,active,basic
ACC00243,NBC0243,8828021889,tabungan,19416416,2025-01-22,active,gold
ACC00244,NBC0244,8863578037,tabungan,15083574,2023-05-16,active,silver
ACC00245,NBC0245,8812139743,tabungan,37567627,2023-12-31,active,silver
ACC00246,NBC0246,8869905585,deposito,446318255,2024-12-28,dormant,basic
ACC00247,NBC0247,8875994084,tabungan,23217702,2025-01-06,dormant,gold
ACC00248,NBC0248,8869690452,tabungan,12620666,2022-03-20,active,basic
ACC00249,NBC0249,8886061065,tabungan,34984657,2024-11-14,active,silver
ACC00250,NBC0250,8833745701,tabungan,28311131,2024-11-14,active,silver
ACC00251,NBC0251,8827613681,tabungan,26881348,2024-03-02,active,silver
ACC00252,NBC0252,8880253084,tabungan,20154875,2024-09-25,active,gold
ACC00253,NBC0253,8869929644,tabungan,13149404,2024-04-18,active,silver
ACC00254,NBC0254,8872508423,tabungan,20319496,2024-08-09,active,basic
ACC00255,NBC0255,8823480041,tabungan,9551518,2024-05-12,active,silver
ACC00256,NBC0256,8824155369,tabungan,30592200,2024-11-10,active,basic
ACC00257,NBC0257,8885574906,tabungan,7348587,2024-01-24,dormant,basic
ACC00258,NBC0258,8896024257,tabungan,11784805,2025-01-26,active,gold
ACC00259,NBC0259,8833295945,tabungan,4222773,2023-02-13,active,silver
ACC00260,NBC0260,8815828630,tabungan,12265705,2024-08-31,active,basic
ACC00261,NBC0261,8829662991,tabungan,18859218,2022-10-18,active,basic
ACC00262,NBC0262,8817429220,tabungan,29803850,2023-06-05,active,basic
ACC00263,NBC0263,8867821539,tabungan,20369258,2023-11-25,active,silver
ACC00264,NBC0264,8869370632,tabungan,11917396,2024-10-17,active,silver
ACC00265,NBC0265,8803139280,tabungan,23920375,2025-01-10,active,platinum
ACC00266,NBC0266,8850220619,deposito,167172786,2025-01-20,dormant,basic
ACC00267,NBC0267,8893335937,tabungan,3371486,2024-06-24,active,gold
ACC00268,NBC0268,8819000029,tabungan,40646861,2024-12-23,active,platinum
ACC00269,NBC0269,8861622564,tabungan,43588628,2024-03-19,active,silver
ACC00270,NBC0270,8818559407,bisnis,188408543,2025-01-15,active,silver
ACC00271,NBC0271,8830453231,tabungan,38980668,2023-12-06,active,silver
ACC00272,NBC0272,8877814564,tabungan,25941660,2024-11-19,active,basic
ACC00273,NBC0273,8843701945,tabungan,29701192,2024-09-11,closed,basic
ACC00274,NBC0274,8891177666,tabungan,13240701,2024-09-11,active,basic
ACC00275,NBC0275,8852761209,deposito,187526089,2024-09-01,active,gold
ACC00276,NBC0276,8815780619,tabungan,10845536,2024-06-14,active,silver
ACC00277,NBC0277,8823116787,tabungan,4118083,2024-11-17,active,basic
ACC00278,NBC0278,8876353223,deposito,17906596,2024-11-18,closed,silver
ACC00279,NBC0279,8818592126,deposito,372195732,2024-12-28,dormant,basic
ACC00280,NBC0280,8848563711,tabungan,42765058,2024-01-08,active,silver
ACC00281,NBC0281,8894300037,deposito,158581048,2024-06-15,active,basic
ACC00282,NBC0282,8898923132,tabungan,22692336,2023-07-12,active,basic
ACC00283,NBC0283,8859866932,bisnis,70200096,2024-07-15,active,basic
ACC00284,NBC0284,8817837659,deposito,262025748,2024-10-11,active,gold
ACC00285,NBC0285,8838201140,tabungan,4903540,2024-06-15,active,basic
ACC00286,NBC0286,8852664267,deposito,442294843,2024-06-28,active,basic
ACC00287,NBC0287,8812724553,tabungan,14886027,2024-03-07,active,platinum
ACC00288,NBC0288,8856569764,tabungan,16803875,2024-07-02,active,silver
ACC00289,NBC0289,8884962249,tabungan,35596216,2025-01-20,active,basic
ACC00290,NBC0290,8810462506,bisnis,77803792,2025-01-09,active,gold
ACC00291,NBC0291,8896568512,bisnis,155815268,2024-06-25,active,gold
ACC00292,NBC0292,8862767293,bisnis,180933677,2024-08-21,active,silver
ACC00293,NBC0293,8809793442,tabungan,49740096,2024-07-26,dormant,basic
ACC00294,NBC0294,8891465022,deposito,44164319,2023-09-14,dormant,silver
ACC00295,NBC0295,8877804579,tabungan,13245525,2024-07-05,active,platinum
ACC00296,NBC0296,8851840703,bisnis,124957696,2024-05-07,active,basic
ACC00297,NBC0297,8898214782,tabungan,15547000,2024-09-08,active,gold
ACC00298,NBC0298,8872094516,bisnis,65733970,2025-02-01,active,silver
ACC00299,NBC0299,8870636328,tabungan,32865074,2023-11-07,active,basic
ACC00300,NBC0300,8801122008,tabungan,28711093,2023-10-27,active,silver
ACC00301,NBC0301,8842648333,tabungan,19707728,2024-05-13,closed,gold
ACC00302,NBC0302,8896082896,tabungan,28477627,2024-06-22,active,basic
ACC00303,NBC0303,8836054946,tabungan,33571574,2022-07-16,active,basic
ACC00304,NBC0304,8808564901,tabungan,40324648,2023-01-01,active,silver
ACC00305,NBC0305,8849519350,tabungan,12702858,2024-12-31,dormant,silver
ACC00306,NBC0306,8811546175,tabungan,43927716,2022-11-06,dormant,silver
ACC00307,NBC0307,8808038890,tabungan,35707716,2025-01-25,active,silver
ACC00308,NBC0308,8810404315,tabungan,19282481,2024-09-09,active,gold
ACC00309,NBC0309,8885135381,tabungan,27323843,2024-08-03,dormant,basic
ACC00310,NBC0310,8837475580,tabungan,18517387,2024-06-10,active,silver
ACC00311,NBC0311,8890168564,deposito,110809202,2023-03-29,dormant,silver
ACC00312,NBC0312,8877840190,deposito,245184602,2023-03-06,active,basic
ACC00313,NBC0313,8816988371,tabungan,10486286,2024-11-10,active,silver
ACC00314,NBC0314,8815866861,tabungan,29354864,2022-10-11,active,silver
ACC00315,NBC0315,8867598332,tabungan,5816833,2024-08-31,active,silver
ACC00316,NBC0316,8870505835,deposito,227169647,2022-10-24,dormant,gold
ACC00317,NBC0317,8858195657,tabungan,12823257,2023-07-22,active,basic
ACC00318,NBC0318,8885353399,tabungan,47451293,2024-08-18,active,silver
ACC00319,NBC0319,8882426621,deposito,418639560,2024-06-28,active,gold
ACC00320,NBC0320,8858015846,tabungan,31515308,2024-07-31,active,silver
ACC00321,NBC0321,8879303028,tabungan,28806285,2024-08-27,active,gold
ACC00322,NBC0322,8827276698,bisnis,92029079,2023-03-19,active,silver
ACC00323,NBC0323,8845150252,tabungan,43542855,2023-03-12,active,basic
ACC00324,NBC0324,8846130873,tabungan,34852927,2024-03-03,active,basic
ACC00325,NBC0325,8889720738,deposito,496379803,2024-05-31,active,basic
ACC00326,NBC0326,8877771184,bisnis,192437954,2023-02-21,active,silver
ACC00327,NBC0327,8827863090,tabungan,9509236,2024-01-17,active,gold
ACC00328,NBC0328,8812102423,tabungan,678487,2023-10-06,active,silver
ACC00329,NBC0329,8873057771,deposito,163486053,2023-11-23,active,silver
ACC00330,NBC0330,8861997165,tabungan,41643310,2025-02-14,active,silver
ACC00331,NBC0331,8865667640,tabungan,47732306,2025-02-05,active,silver
ACC00332,NBC0332,8883344009,tabungan,40852237,2024-12-24,active,silver
ACC00333,NBC0333,8822426537,tabungan,47975457,2024-08-01,active,silver
ACC00334,NBC0334,8822191439,tabungan,41985527,2024-11-18,dormant,silver
ACC00335,NBC0335,8870547360,tabungan,47305745,2023-11-04,active,silver
ACC00336,NBC0336,8879115010,tabungan,7751595,2024-01-07,active,gold
ACC00337,NBC0337,8826008026,tabungan,4746805,2023-08-03,active,silver
ACC00338,NBC0338,8893475978,tabungan,23497442,2024-07-06,active,silver
ACC00339,NBC0339,8854883571,bisnis,55075100,2024-08-15,active,gold
ACC00340,NBC0340,8814967914,tabungan,40373573,2022-11-22,closed,basic
ACC00341,NBC0341,8886643203,deposito,211375272,2024-06-07,active,gold
ACC00342,NBC0342,8826652824,tabungan,6248463,2024-10-28,active,silver
ACC00343,NBC0343,8854927240,tabungan,26463407,2024-07-15,active,silver
ACC00344,NBC0344,8820860146,tabungan,2743934,2022-03-31,active,gold
ACC00345,NBC0345,8819085432,tabungan,1272259,2023-08-06,active,gold
ACC00346,NBC0346,8863033563,deposito,271023439,2023-06-30,dormant,gold
ACC00347,NBC0347,8830100090,tabungan,25694610,2024-12-14,closed,silver
ACC00348,NBC0348,8893187810,tabungan,35420962,2025-02-11,active,gold
ACC00349,NBC0349,8802835415,tabungan,20885130,2025-02-13,dormant,silver
ACC00350,NBC0350,8829093043,deposito,296926313,2024-10-01,active,basic
ACC00351,NBC0351,8866136628,tabungan,42603883,2023-08-04,active,silver
ACC00352,NBC0352,8881226815,deposito,496875758,2022-03-13,active,platinum
ACC00353,NBC0353,8874705311,bisnis,154066173,2023-12-08,dormant,silver
ACC00354,NBC0354,8883309673,tabungan,2538458,2024-06-29,dormant,basic
ACC00355,NBC0355,8898421891,tabungan,40678064,2024-07-22,dormant,basic
ACC00356,NBC0356,8869376501,tabungan,20798033,2023-04-21,active,basic
ACC00357,NBC0357,8867187762,tabungan,27315063,2024-09-07,active,basic
ACC00358,NBC0358,8883636885,tabungan,44271191,2024-08-02,active,gold
ACC00359,NBC0359,8862762922,tabungan,1749186,2022-08-11,active,silver
ACC00360,NBC0360,8867880937,tabungan,28628932,2024-08-06,active,basic
ACC00361,NBC0361,8816522898,tabungan,43290014,2024-02-12,active,silver
ACC00362,NBC0362,8874993598,tabungan,40982463,2024-05-20,active,silver
ACC00363,NBC0363,8855977726,bisnis,29000456,2024-07-30,active,gold
ACC00364,NBC0364,8876408385,tabungan,21757108,2024-02-17,active,basic
ACC00365,NBC0365,8805014171,tabungan,49898271,2025-01-11,active,silver
ACC00366,NBC0366,8878939129,tabungan,26106804,2024-11-09,active,silver
ACC00367,NBC0367,8865188711,tabungan,23754505,2025-02-08,dormant,basic
ACC00368,NBC0368,8860050092,tabungan,20794351,2024-12-05,active,silver
ACC00369,NBC0369,8892878757,tabungan,17675157,2024-12-05,closed,platinum
ACC00370,NBC0370,8830293011,deposito,31730521,2024-06-24,active,silver
ACC00371,NBC0371,8850186074,tabungan,49162377,2023-07-21,active,basic
ACC00372,NBC0372,8806952223,tabungan,11569935,2024-08-01,active,gold
ACC00373,NBC0373,8893180620,tabungan,12785762,2023-07-08,dormant,gold
ACC00374,NBC0374,8873024266,deposito,12322963,2024-08-08,active,platinum
ACC00375,NBC0375,8897537405,tabungan,9420939,2024-02-01,active,gold
ACC00376,NBC0376,8844695674,deposito,270653464,2023-10-16,active,gold
ACC00377,NBC0377,8887354453,tabungan,3435290,2024-03-13,active,silver
ACC00378,NBC0378,8814668865,tabungan,17171550,2023-07-13,active,gold
ACC00379,NBC0379,8848348358,tabungan,34601562,2024-01-19,active,platinum
ACC00380,NBC0380,8826736648,tabungan,28886986,2024-09-13,active,silver
ACC00381,NBC0381,8820775870,tabungan,21117814,2023-12-24,active,silver
ACC00382,NBC0382,8843269834,tabungan,34184091,2024-11-07,active,gold
ACC00383,NBC0383,8869580504,tabungan,20284067,2025-01-24,active,gold
ACC00384,NBC0384,8805092846,tabungan,21516268,2024-10-02,active,basic
ACC00385,NBC0385,8800734293,deposito,253829513,2024-08-18,dormant,basic
ACC00386,NBC0386,8877372954,tabungan,38160427,2022-08-05,active,silver
ACC00387,NBC0387,8850380162,bisnis,170939393,2024-12-21,dormant,gold
ACC00388,NBC0388,8815020450,tabungan,22587005,2024-03-09,active,basic
ACC00389,NBC0389,8881435312,deposito,358225424,2023-03-25,active,silver
ACC00390,NBC0390,8843379531,bisnis,125052766,2024-12-28,active,silver
ACC00391,NBC0391,8812359042,tabungan,48522449,2023-10-15,active,gold
ACC00392,NBC0392,8827428662,tabungan,27017701,2024-01-18,active,basic
ACC00393,NBC0393,8810857383,tabungan,44917844,2023-11-24,active,silver
ACC00394,NBC0394,8854514609,deposito,302430354,2025-01-18,active,silver
ACC00395,NBC0395,8893511745,deposito,447272730,2022-10-10,active,platinum
ACC00396,NBC0396,8837062728,tabungan,24090018,2024-10-03,active,platinum
ACC00397,NBC0397,8873374612,tabungan,7324507,2023-09-23,active,basic
ACC00398,NBC0398,8857562641,deposito,459115523,2025-01-17,closed,silver
ACC00399,NBC0399,8808481876,tabungan,11763509,2025-01-20,active,silver
ACC00400,NBC0400,8899069319,tabungan,10822906,2023-12-05,active,gold
ACC00401,NBC0401,8803995167,tabungan,29056626,2024-05-20,closed,silver
ACC00402,NBC0402,8850599822,bisnis,16422600,2024-06-17,active,silver
ACC00403,NBC0403,8867312343,deposito,495903772,2024-11-25,active,silver
ACC00404,NBC0404,8880485142,bisnis,143043457,2024-12-26,active,basic
ACC00405,NBC0405,8859364502,tabungan,3937574,2022-12-23,dormant,silver
ACC00406,NBC0406,8831342755,tabungan,37209661,2023-02-27,active,silver
ACC00407,NBC0407,8872991154,bisnis,119031277,2024-12-27,active,basic
ACC00408,NBC0408,8844318343,tabungan,39725776,2022-03-31,active,basic
ACC00409,NBC0409,8853102977,deposito,239010564,2024-06-11,active,silver
ACC00410,NBC0410,8815062917,tabungan,8065978,2025-02-10,active,gold
ACC00411,NBC0411,8865173281,tabungan,40697953,2023-07-26,active,basic
ACC00412,NBC0412,8891087392,tabungan,28779692,2023-11-27,dormant,gold
ACC00413,NBC0413,8898369157,tabungan,10618032,2024-12-30,active,basic
ACC00414,NBC0414,8867105298,tabungan,14718403,2025-02-10,active,basic
ACC00415,NBC0415,8870745991,tabungan,45898084,2025-01-21,active,gold
ACC00416,NBC0416,8804450020,tabungan,25142350,2024-09-14,dormant,silver
ACC00417,NBC0417,8883878903,bisnis,35646830,2024-06-08,active,platinum
ACC00418,NBC0418,8850295867,tabungan,20882178,2025-02-08,active,gold
ACC00419,NBC0419,8830409346,tabungan,26715430,2024-10-23,active,gold
ACC00420,NBC0420,8875418236,tabungan,46059109,2025-01-29,active,silver
ACC00421,NBC0421,8810138272,tabungan,36453108,2025-02-10,active,basic
ACC00422,NBC0422,8851334601,bisnis,19739027,2023-08-24,active,silver
ACC00423,NBC0423,8822013882,tabungan,36707352,2023-12-01,active,basic
ACC00424,NBC0424,8832083168,tabungan,24370729,2025-02-07,active,silver
ACC00425,NBC0425,8863603891,tabungan,8257651,2025-01-28,active,silver
ACC00426,NBC0426,8836907894,tabungan,43620959,2024-11-24,closed,silver
ACC00427,NBC0427,8867200052,tabungan,43587620,2025-01-27,active,silver
ACC00428,NBC0428,8810707163,tabungan,5521893,2023-04-15,active,gold
ACC00429,NBC0429,8850895123,tabungan,18151898,2025-02-13,dormant,gold
ACC00430,NBC0430,8885119194,tabungan,30888057,2022-11-17,dormant,basic
ACC00431,NBC0431,8854569729,deposito,433716942,2024-05-22,active,basic
ACC00432,NBC0432,8856192767,bisnis,106646865,2023-12-13,active,basic
ACC00433,NBC0433,8877188626,tabungan,5351090,2024-04-18,active,gold
ACC00434,NBC0434,8856126678,tabungan,16240867,2024-05-21,closed,platinum
ACC00435,NBC0435,8855737138,bisnis,59222586,2024-06-30,active,gold
ACC00436,NBC0436,8840223461,tabungan,35315571,2025-01-31,active,gold
ACC00437,NBC0437,8866276330,tabungan,20361905,2025-01-21,closed,silver
ACC00438,NBC0438,8817614215,tabungan,20021726,2025-01-22,active,gold
ACC00439,NBC0439,8883196863,deposito,104626506,2023-10-11,active,basic
ACC00440,NBC0440,8870465689,tabungan,27994349,2023-05-14,active,platinum
ACC00441,NBC0441,8870368830,tabungan,26104629,2025-02-05,active,gold
ACC00442,NBC0442,8883793631,tabungan,1999638,2024-11-16,active,silver
ACC00443,NBC0443,8822912706,tabungan,23220037,2024-12-29,dormant,basic
ACC00444,NBC0444,8834104062,deposito,182076429,2024-11-14,closed,silver
ACC00445,NBC0445,8818722824,bisnis,155926659,2022-09-03,active,gold
ACC00446,NBC0446,8883018179,deposito,262598308,2023-05-16,active,basic
ACC00447,NBC0447,8875789849,tabungan,26975660,2022-05-12,active,silver
ACC00448,NBC0448,8899799052,tabungan,32115243,2024-01-10,dormant,basic
ACC00449,NBC0449,8817114865,deposito,471137525,2024-01-27,dormant,basic
ACC00450,NBC0450,8881898106,tabungan,28118549,2024-12-17,active,platinum
ACC00451,NBC0451,8835631631,tabungan,5265334,2024-12-27,active,basic
ACC00452,NBC0452,8875572616,deposito,95281800,2025-02-07,active,gold
ACC00453,NBC0453,8896378811,tabungan,40142751,2024-11-23,active,basic
ACC00454,NBC0454,8889990682,tabungan,38617718,2024-09-24,closed,basic
ACC00455,NBC0455,8813071675,tabungan,46921813,2023-10-29,active,silver
ACC00456,NBC0456,8816336131,tabungan,12751707,2023-09-24,dormant,basic
ACC00457,NBC0457,8885490049,tabungan,31655020,2024-10-12,closed,basic
ACC00458,NBC0458,8872954585,bisnis,15608173,2024-05-14,active,silver
ACC00459,NBC0459,8856399812,tabungan,33890799,2024-09-01,dormant,silver
ACC00460,NBC0460,8839225517,tabungan,32435002,2024-07-27,active,basic
ACC00461,NBC0461,8819258147,deposito,439179304,2025-01-05,active,silver
ACC00462,NBC0462,8812360186,tabungan,28350941,2023-02-01,active,silver
ACC00463,NBC0463,8854138453,tabungan,15754549,2024-10-07,active,gold
ACC00464,NBC0464,8863093079,tabungan,6395886,2024-09-16,active,silver
ACC00465,NBC0465,8859096459,deposito,219717666,2025-01-10,active,silver
ACC00466,NBC0466,8824089921,tabungan,36230025,2024-11-04,active,basic
ACC00467,NBC0467,8835166811,tabungan,31030626,2024-11-15,active,basic
ACC00468,NBC0468,8897367072,tabungan,13937562,2023-05-08,active,silver
ACC00469,NBC0469,8834024222,deposito,69974200,2024-10-24,active,silver
ACC00470,NBC0470,8841983063,tabungan,49423356,2024-10-18,dormant,platinum
ACC00471,NBC0471,8865401814,tabungan,12503563,2024-11-17,active,gold
ACC00472,NBC0472,8824842024,tabungan,19574272,2023-12-20,dormant,basic
ACC00473,NBC0473,8850947651,tabungan,16518232,2025-01-31,active,basic
ACC00474,NBC0474,8886156409,tabungan,8019874,2024-12-29,dormant,basic
ACC00475,NBC0475,8814753989,tabungan,38751896,2024-10-21,dormant,silver
ACC00476,NBC0476,8837054245,tabungan,47524577,2022-07-21,active,basic
ACC00477,NBC0477,8882611035,tabungan,6363854,2024-06-09,active,silver
ACC00478,NBC0478,8894299202,bisnis,103399593,2024-05-03,active,basic
ACC00479,NBC0479,8866696922,tabungan,16331079,2024-01-10,active,basic
ACC00480,NBC0480,8833861941,bisnis,153467246,2024-03-28,active,silver
ACC00481,NBC0481,8883909342,tabungan,4490597,2024-12-11,active,silver
ACC00482,NBC0482,8840662834,tabungan,18920190,2024-11-16,active,silver
ACC00483,NBC0483,8834889334,bisnis,110588470,2023-10-06,active,basic
ACC00484,NBC0484,8851866940,deposito,117037952,2024-09-27,active,gold
ACC00485,NBC0485,8854243826,deposito,277585652,2024-06-24,active,gold
ACC00486,NBC0486,8885507435,tabungan,41722404,2023-01-11,active,silver
ACC00487,NBC0487,8828895947,tabungan,1556857,2025-01-07,active,gold
ACC00488,NBC0488,8839696453,tabungan,42482956,2022-02-12,active,basic
ACC00489,NBC0489,8876504718,bisnis,87128399,2023-11-25,active,silver
ACC00490,NBC0490,8800995428,deposito,285801570,2024-04-02,dormant,gold
ACC00491,NBC0491,8834496686,tabungan,34235510,2024-06-07,active,silver
ACC00492,NBC0492,8898994706,tabungan,28936644,2024-10-02,dormant,basic
ACC00493,NBC0493,8870690149,tabungan,47129638,2023-03-19,active,silver
ACC00494,NBC0494,8810384715,tabungan,29649021,2023-01-02,active,basic
ACC00495,NBC0495,8856650518,bisnis,105777431,2024-11-28,active,basic
ACC00496,NBC0496,8860167449,bisnis,195913315,2025-02-15,closed,silver
ACC00497,NBC0497,8834359698,tabungan,48633432,2023-03-03,active,silver
ACC00498,NBC0498,8845056693,bisnis,88457230,2022-10-04,active,silver
ACC00499,NBC0499,8840242861,tabungan,32612402,2024-12-25,active,gold
ACC00500,NBC0500,8892571402,tabungan,31750477,2025-01-04,active,basic
ACC00501,NBC0501,8838576264,deposito,182402771,2024-07-02,active,basic
ACC00502,NBC0502,8863849368,deposito,281038748,2024-02-28,active,basic
ACC00503,NBC0503,8835853010,tabungan,3574270,2024-05-26,active,gold
ACC00504,NBC0504,8827896951,bisnis,21831593,2024-12-28,active,silver
ACC00505,NBC0505,8830485277,tabungan,41062572,2024-11-10,active,basic
ACC00506,NBC0506,8867036562,deposito,193054147,2024-11-14,dormant,silver
ACC00507,NBC0507,8863444394,tabungan,3563186,2023-09-03,active,silver
ACC00508,NBC0508,8896331812,tabungan,27142613,2025-01-18,active,basic
ACC00509,NBC0509,8857617073,tabungan,13265166,2023-04-14,active,silver
ACC00510,NBC0510,8874457762,bisnis,33794552,2025-02-11,active,basic
ACC00511,NBC0511,8826367850,deposito,367496339,2023-07-05,active,silver
ACC00512,NBC0512,8889774759,tabungan,34287956,2025-01-22,active,silver
ACC00513,NBC0513,8834852953,tabungan,18394882,2024-10-17,active,basic
ACC00514,NBC0514,8840376768,bisnis,120255800,2024-08-29,active,gold
ACC00515,NBC0515,8804207675,deposito,260185372,2023-06-23,active,silver
ACC00516,NBC0516,8897534115,tabungan,5503410,2023-06-13,active,silver
ACC00517,NBC0517,8833099000,tabungan,31720659,2025-01-30,active,gold
ACC00518,NBC0518,8806565823,bisnis,153770035,2024-01-14,active,gold
ACC00519,NBC0519,8853856535,tabungan,19595442,2023-10-18,active,silver
ACC00520,NBC0520,8826600047,tabungan,12199284,2024-03-21,active,silver
ACC00521,NBC0521,8811034956,bisnis,8258631,2025-01-06,dormant,silver
ACC00522,NBC0522,8899899651,tabungan,5320843,2022-12-07,active,silver
ACC00523,NBC0523,8858374661,tabungan,5922609,2022-08-30,active,silver
ACC00524,NBC0524,8877618687,tabungan,21035211,2024-10-26,active,basic
ACC00525,NBC0525,8847966682,deposito,364128835,2022-08-06,active,silver
ACC00526,NBC0526,8805256599,deposito,385195762,2025-02-15,active,basic
ACC00527,NBC0527,8889142330,tabungan,25260941,2023-10-15,active,basic
ACC00528,NBC0528,8892764054,tabungan,49089135,2023-03-17,dormant,basic
ACC00529,NBC0529,8839862214,tabungan,32391355,2025-01-06,active,gold
ACC00530,NBC0530,8813186604,tabungan,3777240,2024-09-02,active,silver
ACC00531,NBC0531,8873389147,tabungan,32617833,2024-06-25,dormant,basic
ACC00532,NBC0532,8852474420,tabungan,49306389,2024-12-20,active,basic
ACC00533,NBC0533,8894410238,tabungan,12714963,2024-03-21,active,basic
ACC00534,NBC0534,8835186647,tabungan,32369353,2024-10-02,dormant,silver
ACC00535,NBC0535,8813135183,tabungan,32249574,2023-07-09,active,silver
ACC00536,NBC0536,8858534658,tabungan,681342,2022-10-23,active,gold
ACC00537,NBC0537,8839885217,tabungan,5370381,2023-10-30,active,silver
ACC00538,NBC0538,8859909841,deposito,300481584,2024-10-20,active,gold
ACC00539,NBC0539,8865581675,tabungan,11562806,2024-02-04,active,basic
ACC00540,NBC0540,8823831934,deposito,411893601,2025-01-20,closed,basic
ACC00541,NBC0541,8880038146,tabungan,35835032,2022-10-08,active,silver
ACC00542,NBC0542,8829242195,tabungan,12788849,2023-09-23,active,silver
ACC00543,NBC0543,8830912185,tabungan,38636143,2024-12-22,active,gold
ACC00544,NBC0544,8834114613,tabungan,10484267,2024-12-27,active,platinum
ACC00545,NBC0545,8855530153,tabungan,16840882,2024-09-13,dormant,silver
ACC00546,NBC0546,8804407781,tabungan,2716671,2024-06-29,dormant,basic
ACC00547,NBC0547,8809659845,tabungan,45178274,2024-09-21,active,gold
ACC00548,NBC0548,8866345418,tabungan,21559178,2025-02-05,dormant,gold
ACC00549,NBC0549,8899126994,tabungan,49893600,2024-08-01,active,basic
ACC00550,NBC0550,8806419106,deposito,188203551,2024-01-09,dormant,silver
ACC00551,NBC0551,8869100822,tabungan,7122375,2025-01-26,active,silver
ACC00552,NBC0552,8821682682,tabungan,44670607,2024-10-20,active,gold
ACC00553,NBC0553,8817562699,tabungan,10296853,2025-01-22,active,silver
ACC00554,NBC0554,8820834791,deposito,423274391,2024-12-02,active,silver
ACC00555,NBC0555,8805932572,deposito,405374337,2023-09-15,active,gold
ACC00556,NBC0556,8870322007,tabungan,9003280,2024-11-11,active,platinum
ACC00557,NBC0557,8885972438,deposito,495092811,2023-11-06,active,silver
ACC00558,NBC0558,8829514520,tabungan,31176815,2023-11-18,active,silver
ACC00559,NBC0559,8880286060,deposito,182802343,2024-12-17,active,silver
ACC00560,NBC0560,8802240654,deposito,159638219,2024-08-18,active,silver
ACC00561,NBC0561,8847695090,deposito,480887145,2023-12-31,active,silver
ACC00562,NBC0562,8889856643,bisnis,69535063,2023-12-17,active,silver
ACC00563,NBC0563,8865562388,tabungan,2467410,2023-12-02,active,gold
ACC00564,NBC0564,8888765699,tabungan,33126752,2025-02-08,active,gold
ACC00565,NBC0565,8836062290,tabungan,16048756,2023-11-30,dormant,basic
ACC00566,NBC0566,8838604794,tabungan,6017943,2025-01-27,active,silver
ACC00567,NBC0567,8819903803,bisnis,179119406,2024-09-24,active,gold
ACC00568,NBC0568,8848953829,tabungan,22197001,2023-02-14,active,basic
ACC00569,NBC0569,8819147905,tabungan,19551388,2023-11-25,active,silver
ACC00570,NBC0570,8872839516,tabungan,15760419,2024-07-16,dormant,silver
ACC00571,NBC0571,8809532670,tabungan,31925178,2023-05-11,active,silver
ACC00572,NBC0572,8888686562,tabungan,37452336,2024-08-14,active,silver
ACC00573,NBC0573,8825822828,tabungan,39895635,2025-01-24,active,basic
ACC00574,NBC0574,8818323530,deposito,488758352,2022-08-27,active,gold
ACC00575,NBC0575,8885684676,tabungan,29412453,2024-07-15,active,silver
ACC00576,NBC0576,8880964583,tabungan,42991865,2024-11-20,active,silver
ACC00577,NBC0577,8849597521,tabungan,32287424,2024-12-14,active,silver
ACC00578,NBC0578,8831755592,deposito,129044567,2024-09-10,active,gold
ACC00579,NBC0579,8874874114,bisnis,135508638,2025-02-01,active,silver
ACC00580,NBC0580,8826751199,deposito,287696545,2023-10-23,active,basic
ACC00581,NBC0581,8845349655,tabungan,33185996,2024-06-09,active,silver
ACC00582,NBC0582,8856419678,tabungan,4927910,2024-08-03,active,basic
ACC00583,NBC0583,8830093582,deposito,326506089,2024-12-04,active,silver
ACC00584,NBC0584,8863015972,tabungan,4195355,2023-03-14,dormant,silver
ACC00585,NBC0585,8822848349,bisnis,46819061,2024-10-18,active,silver
ACC00586,NBC0586,8866809846,tabungan,11333553,2024-08-08,active,gold
ACC00587,NBC0587,8801804033,deposito,356600426,2024-11-06,active,basic
ACC00588,NBC0588,8801537358,tabungan,20233471,2024-12-30,active,gold
ACC00589,NBC0589,8871554460,tabungan,26885289,2025-01-23,active,basic
ACC00590,NBC0590,8892609674,tabungan,23255934,2023-08-20,active,silver
ACC00591,NBC0591,8872053649,tabungan,27138200,2023-11-01,dormant,platinum
ACC00592,NBC0592,8819285672,bisnis,154417021,2022-11-24,active,silver
ACC00593,NBC0593,8850215538,deposito,436117847,2024-08-18,active,silver
ACC00594,NBC0594,8877558212,deposito,137016635,2023-08-13,dormant,basic
ACC00595,NBC0595,8864395678,tabungan,26022634,2024-01-12,active,basic
ACC00596,NBC0596,8860789075,deposito,148341815,2024-05-13,active,silver
ACC00597,NBC0597,8899198177,tabungan,5615414,2024-04-11,active,silver
ACC00598,NBC0598,8812944149,tabungan,25241953,2024-10-25,dormant,silver
ACC00599,NBC0599,8831649828,tabungan,11187146,2024-12-09,active,basic
ACC00600,NBC0600,8838597477,deposito,412665121,2024-12-21,active,silver
ACC00601,NBC0601,8865907055,tabungan,29250283,2023-11-13,active,basic
ACC00602,NBC0602,8834368771,tabungan,20433474,2024-06-18,dormant,gold
ACC00603,NBC0603,8892209490,tabungan,22667745,2024-09-20,active,platinum
ACC00604,NBC0604,8834153597,deposito,266390038,2024-09-02,active,basic
ACC00605,NBC0605,8800115477,bisnis,125757677,2023-06-21,active,basic
ACC00606,NBC0606,8894314872,tabungan,15448883,2024-01-31,active,basic
ACC00607,NBC0607,8857856413,bisnis,46925584,2024-01-25,dormant,silver
ACC00608,NBC0608,8874168557,bisnis,92468349,2024-10-25,dormant,silver
ACC00609,NBC0609,8823285558,bisnis,57944294,2024-07-11,active,platinum
ACC00610,NBC0610,8895794758,tabungan,1284669,2025-01-17,active,silver
ACC00611,NBC0611,8866028413,tabungan,6657948,2024-11-27,active,silver
ACC00612,NBC0612,8833470407,tabungan,27651183,2024-12-14,dormant,basic
ACC00613,NBC0613,8869714797,deposito,59633052,2024-09-15,active,basic
ACC00614,NBC0614,8841855950,bisnis,193871308,2023-06-05,active,silver
ACC00615,NBC0615,8837456017,tabungan,34875916,2025-01-05,active,silver
ACC00616,NBC0616,8896101759,bisnis,7317801,2023-05-02,active,silver
ACC00617,NBC0617,8801706794,tabungan,45586690,2024-09-09,active,basic
ACC00618,NBC0618,8878692855,tabungan,38662367,2022-07-22,active,silver
ACC00619,NBC0619,8862159389,deposito,370020719,2024-07-03,active,gold
ACC00620,NBC0620,8863536735,tabungan,28568956,2024-04-19,active,gold
ACC00621,NBC0621,8858960707,deposito,477012324,2024-06-05,active,silver
ACC00622,NBC0622,8888341335,tabungan,8695781,2024-02-04,active,gold
ACC00623,NBC0623,8890143097,bisnis,29080450,2023-05-09,active,silver
ACC00624,NBC0624,8827493663,deposito,493968909,2024-09-05,active,basic
ACC00625,NBC0625,8896714803,tabungan,21148576,2024-02-18,active,platinum
ACC00626,NBC0626,8800735658,tabungan,47317372,2025-01-01,active,gold
ACC00627,NBC0627,8808252637,tabungan,10392328,2023-12-15,active,gold
ACC00628,NBC0628,8812886691,tabungan,39781301,2024-05-27,active,basic
ACC00629,NBC0629,8823214252,bisnis,24245975,2024-10-23,active,gold
ACC00630,NBC0630,8819789259,tabungan,25441031,2023-07-27,active,gold
ACC00631,NBC0631,8857446532,tabungan,20644302,2024-05-24,active,gold
ACC00632,NBC0632,8854411818,tabungan,25251374,2025-02-15,active,basic
ACC00633,NBC0633,8851367380,bisnis,179206264,2024-12-29,active,gold
ACC00634,NBC0634,8820388193,tabungan,46213818,2024-08-10,active,gold
ACC00635,NBC0635,8868418471,bisnis,119835440,2024-10-22,active,gold
ACC00636,NBC0636,8822014833,tabungan,17559765,2024-06-09,active,silver
ACC00637,NBC0637,8840112728,tabungan,16403029,2024-07-12,active,silver
ACC00638,NBC0638,8803087647,tabungan,13995482,2024-07-01,active,silver
ACC00639,NBC0639,8809067618,deposito,492445309,2025-01-10,active,silver
ACC00640,NBC0640,8876295076,tabungan,16020794,2025-01-28,active,basic
ACC00641,NBC0641,8816217204,tabungan,44003000,2024-04-04,active,silver
ACC00642,NBC0642,8886804186,tabungan,36714606,2024-03-30,active,silver
ACC00643,NBC0643,8803264564,tabungan,38640812,2023-02-24,active,gold
ACC00644,NBC0644,8874199160,tabungan,41355729,2024-03-03,active,silver
ACC00645,NBC0645,8890649097,tabungan,21769537,2023-07-06,active,silver
ACC00646,NBC0646,8834251970,tabungan,43396822,2025-01-27,active,platinum
ACC00647,NBC0647,8815891368,deposito,71240651,2024-01-22,active,silver
ACC00648,NBC0648,8870742153,deposito,81343855,2025-01-09,active,gold
ACC00649,NBC0649,8836252602,bisnis,18481068,2024-08-06,active,silver
ACC00650,NBC0650,8869088754,deposito,98540211,2023-05-11,dormant,basic
ACC00651,NBC0651,8829335838,deposito,281165890,2024-02-06,active,silver
ACC00652,NBC0652,8891065735,bisnis,80505181,2023-08-08,active,basic
ACC00653,NBC0653,8845469351,tabungan,5768083,2024-04-13,active,basic
ACC00654,NBC0654,8814012833,deposito,18957728,2024-12-17,active,silver
ACC00655,NBC0655,8858979903,bisnis,23794977,2024-01-31,active,silver
ACC00656,NBC0656,8817717030,deposito,186932005,2024-11-27,active,silver
ACC00657,NBC0657,8887094124,tabungan,23279380,2023-10-11,active,gold
ACC00658,NBC0658,8805164838,tabungan,46985409,2024-05-04,active,gold
ACC00659,NBC0659,8833768418,deposito,322074163,2024-06-20,active,silver
ACC00660,NBC0660,8867760064,tabungan,30536924,2025-01-18,active,basic
ACC00661,NBC0661,8859731730,tabungan,15161959,2023-12-17,active,basic
ACC00662,NBC0662,8824967574,deposito,127216844,2024-08-17,active,gold
ACC00663,NBC0663,8810484809,deposito,471154869,2023-10-19,active,gold
ACC00664,NBC0664,8873181560,bisnis,81962260,2025-02-06,active,basic
ACC00665,NBC0665,8827079959,tabungan,22977759,2023-09-23,active,silver
ACC00666,NBC0666,8876111079,tabungan,48292152,2024-07-18,active,basic
ACC00667,NBC0667,8847545657,bisnis,127377755,2024-10-12,active,silver
ACC00668,NBC0668,8897226934,bisnis,40727215,2025-01-21,closed,platinum
ACC00669,NBC0669,8840390984,tabungan,34118149,2024-01-26,active,basic
ACC00670,NBC0670,8885606699,deposito,372907513,2023-10-23,active,silver
ACC00671,NBC0671,8861382687,tabungan,12313565,2025-01-01,active,basic
ACC00672,NBC0672,8877779570,bisnis,9565068,2024-10-16,active,silver
ACC00673,NBC0673,8899626377,tabungan,44006275,2022-12-02,active,silver
ACC00674,NBC0674,8871107351,deposito,321356321,2024-07-27,active,basic
ACC00675,NBC0675,8896220682,bisnis,35401023,2024-11-20,active,gold
ACC00676,NBC0676,8823330239,tabungan,19388404,2025-01-29,active,silver
ACC00677,NBC0677,8844606069,tabungan,39653066,2023-06-05,active,silver
ACC00678,NBC0678,8806952357,tabungan,17453683,2024-02-26,active,silver
ACC00679,NBC0679,8865294128,tabungan,36183478,2025-01-17,active,gold
ACC00680,NBC0680,8870064488,deposito,189487389,2023-05-29,active,gold
ACC00681,NBC0681,8887531198,tabungan,22670841,2024-11-14,active,gold
ACC00682,NBC0682,8825542805,tabungan,758051,2024-02-12,active,silver
ACC00683,NBC0683,8864255078,tabungan,16714898,2024-08-17,active,silver
ACC00684,NBC0684,8887860203,tabungan,28572727,2023-11-19,dormant,platinum
ACC00685,NBC0685,8822131701,tabungan,48559761,2024-06-25,active,gold
ACC00686,NBC0686,8858663992,tabungan,41803601,2024-09-14,active,silver
ACC00687,NBC0687,8898728731,tabungan,36335134,2024-11-12,active,basic
ACC00688,NBC0688,8849562917,deposito,140075808,2024-07-14,active,basic
ACC00689,NBC0689,8844160332,tabungan,44830273,2024-07-07,active,basic
ACC00690,NBC0690,8807005102,tabungan,36466426,2025-02-11,active,silver
ACC00691,NBC0691,8845120220,deposito,287969112,2024-03-21,active,basic
ACC00692,NBC0692,8875454164,tabungan,5620983,2025-01-02,dormant,gold
ACC00693,NBC0693,8892104662,deposito,289448861,2024-09-07,active,gold
ACC00694,NBC0694,8801526974,tabungan,31404106,2024-06-30,active,gold
ACC00695,NBC0695,8803607854,tabungan,18606942,2023-01-09,active,silver
ACC00696,NBC0696,8833095872,tabungan,49421291,2024-07-01,active,silver
ACC00697,NBC0697,8836806014,bisnis,64362853,2025-02-02,active,basic
ACC00698,NBC0698,8892326714,tabungan,22619921,2025-01-19,active,gold
ACC00699,NBC0699,8885819701,tabungan,49863008,2024-11-15,active,silver
ACC00700,NBC0700,8819679720,tabungan,24593566,2024-08-24,active,silver
ACC00701,NBC0701,8851920182,bisnis,166238807,2024-11-08,active,silver
ACC00702,NBC0702,8823329704,tabungan,36990325,2024-09-11,active,platinum
ACC00703,NBC0703,8879582915,deposito,313888203,2024-04-02,active,silver
ACC00704,NBC0704,8851163971,tabungan,36038557,2024-10-12,active,basic
ACC00705,NBC0705,8820757414,tabungan,19053047,2025-01-27,active,basic
ACC00706,NBC0706,8848739626,deposito,496097458,2022-12-23,active,platinum
ACC00707,NBC0707,8891883124,deposito,74946791,2024-02-05,active,gold
ACC00708,NBC0708,8873677244,bisnis,175824670,2024-11-09,active,silver
ACC00709,NBC0709,8835497872,tabungan,12935868,2024-12-24,active,basic
ACC00710,NBC0710,8857156438,deposito,329055972,2024-04-18,active,silver
ACC00711,NBC0711,8829903480,bisnis,182056046,2023-08-06,active,basic
ACC00712,NBC0712,8824796000,tabungan,43097146,2025-01-09,dormant,platinum
ACC00713,NBC0713,8809165737,deposito,309740896,2023-07-08,active,silver
ACC00714,NBC0714,8842662254,tabungan,27963577,2022-11-14,active,silver
ACC00715,NBC0715,8803693091,tabungan,39955911,2024-07-21,dormant,silver
ACC00716,NBC0716,8801527311,tabungan,48272917,2024-07-16,active,basic
ACC00717,NBC0717,8826414756,tabungan,30977783,2023-10-17,active,gold
ACC00718,NBC0718,8801842933,tabungan,38457942,2024-01-17,active,basic
ACC00719,NBC0719,8847422983,tabungan,22243182,2025-01-31,active,gold
ACC00720,NBC0720,8896677153,tabungan,43544984,2024-06-16,active,silver
ACC00721,NBC0721,8822624736,tabungan,40038396,2023-08-12,active,silver
ACC00722,NBC0722,8803299090,deposito,179186289,2023-07-11,active,gold
ACC00723,NBC0723,8864761442,deposito,382512056,2023-09-01,active,gold
ACC00724,NBC0724,8873554042,tabungan,30407040,2024-11-07,active,silver
ACC00725,NBC0725,8816979206,tabungan,43136756,2023-07-06,active,silver
ACC00726,NBC0726,8849393439,deposito,242766507,2024-08-25,active,silver
ACC00727,NBC0727,8845392528,tabungan,26960021,2024-05-27,active,platinum
ACC00728,NBC0728,8835733813,deposito,256690382,2024-01-26,dormant,silver
ACC00729,NBC0729,8873453302,tabungan,16627122,2024-12-04,active,gold
ACC00730,NBC0730,8841224740,tabungan,15535224,2023-11-19,active,silver
ACC00731,NBC0731,8885372033,tabungan,42616219,2024-05-09,active,silver
ACC00732,NBC0732,8851602325,tabungan,23376088,2022-11-20,closed,silver
ACC00733,NBC0733,8807155587,tabungan,6531551,2025-02-08,active,basic
ACC00734,NBC0734,8804224564,tabungan,3733205,2023-08-02,active,gold
ACC00735,NBC0735,8899255125,tabungan,4878582,2022-12-14,active,basic
ACC00736,NBC0736,8807819135,tabungan,15707523,2025-01-16,active,silver
ACC00737,NBC0737,8834941971,tabungan,1530863,2024-10-28,active,basic
ACC00738,NBC0738,8875571663,bisnis,89937745,2024-12-13,active,silver
ACC00739,NBC0739,8824630616,bisnis,47121237,2024-07-12,active,basic
ACC00740,NBC0740,8885635200,bisnis,36504676,2024-08-18,active,basic
ACC00741,NBC0741,8815042059,bisnis,123497511,2024-09-26,active,silver
ACC00742,NBC0742,8868569771,tabungan,37840482,2025-01-24,active,gold
ACC00743,NBC0743,8836080901,tabungan,20640140,2024-02-20,active,basic
ACC00744,NBC0744,8846103927,tabungan,3061603,2024-03-22,active,silver
ACC00745,NBC0745,8888189304,tabungan,34556660,2024-09-26,active,gold
ACC00746,NBC0746,8816388168,deposito,434093368,2025-02-01,active,gold
ACC00747,NBC0747,8885185690,tabungan,31851362,2025-02-06,active,silver
ACC00748,NBC0748,8809656882,tabungan,23622821,2024-08-05,active,silver
ACC00749,NBC0749,8828007272,deposito,209114845,2024-11-11,active,basic
ACC00750,NBC0750,8814723735,tabungan,219292,2024-12-16,active,silver
ACC00751,NBC0751,8807830830,tabungan,28284042,2023-08-08,active,silver
ACC00752,NBC0752,8878999514,tabungan,26966516,2025-02-15,dormant,gold
ACC00753,NBC0753,8898367146,deposito,191122109,2024-06-23,dormant,silver
ACC00754,NBC0754,8890668867,tabungan,32366342,2025-02-01,active,basic
ACC00755,NBC0755,8885711645,tabungan,25103034,2025-01-23,active,gold
ACC00756,NBC0756,8859563431,tabungan,29031122,2022-09-03,active,silver
ACC00757,NBC0757,8873920025,deposito,275465214,2024-08-22,closed,gold
ACC00758,NBC0758,8865337773,bisnis,142571069,2023-11-14,active,basic
ACC00759,NBC0759,8816787192,deposito,14893738,2023-10-31,active,silver
ACC00760,NBC0760,8854872012,tabungan,27996042,2024-03-28,active,basic
ACC00761,NBC0761,8802545500,tabungan,17724209,2024-07-14,active,basic
ACC00762,NBC0762,8890809983,tabungan,23058044,2024-09-21,active,gold
ACC00763,NBC0763,8876738872,deposito,309957974,2024-12-07,active,basic
ACC00764,NBC0764,8816303438,tabungan,20894108,2025-02-04,active,basic
ACC00765,NBC0765,8800091435,tabungan,14847776,2025-02-08,active,basic
ACC00766,NBC0766,8893074179,tabungan,10662162,2023-10-02,dormant,gold
ACC00767,NBC0767,8854662897,tabungan,38110027,2024-11-19,active,platinum
ACC00768,NBC0768,8851896225,deposito,377151956,2023-12-10,closed,silver
ACC00769,NBC0769,8856002230,bisnis,42161959,2024-06-04,dormant,basic
ACC00770,NBC0770,8840567712,tabungan,8799944,2024-08-10,active,basic
ACC00771,NBC0771,8858904182,tabungan,24220652,2024-12-25,active,silver
ACC00772,NBC0772,8805166608,deposito,419573222,2025-01-29,active,silver
ACC00773,NBC0773,8839278844,tabungan,7801310,2024-02-03,active,silver
ACC00774,NBC0774,8890986361,bisnis,130936592,2024-05-22,active,basic
ACC00775,NBC0775,8876958444,tabungan,22003328,2024-01-07,active,basic
ACC00776,NBC0776,8822482488,bisnis,42186085,2024-08-17,active,gold
ACC00777,NBC0777,8813737145,tabungan,26466151,2024-08-27,active,gold
ACC00778,NBC0778,8811802669,tabungan,2888532,2023-02-17,active,basic
ACC00779,NBC0779,8819396061,tabungan,8272757,2024-01-19,active,gold
ACC00780,NBC0780,8871891199,deposito,18157246,2024-10-16,active,silver
ACC00781,NBC0781,8856924768,tabungan,8501667,2024-08-31,active,basic
ACC00782,NBC0782,8834103414,tabungan,37158290,2024-09-15,active,gold
ACC00783,NBC0783,8818118140,tabungan,6356987,2024-10-28,active,gold
ACC00784,NBC0784,8813251790,tabungan,23038213,2025-02-08,active,silver
ACC00785,NBC0785,8870856094,bisnis,83639220,2024-03-29,active,basic
ACC00786,NBC0786,8867148783,tabungan,3305547,2024-10-24,dormant,basic
ACC00787,NBC0787,8831456457,tabungan,4744535,2025-01-11,active,gold
ACC00788,NBC0788,8875794074,bisnis,34092891,2023-02-07,active,silver
ACC00789,NBC0789,8837449998,deposito,19668058,2023-06-17,active,silver
ACC00790,NBC0790,8893391369,tabungan,30284062,2024-07-31,active,gold
ACC00791,NBC0791,8826410603,bisnis,78059202,2023-09-13,active,silver
ACC00792,NBC0792,8875318057,tabungan,11362859,2024-11-06,active,basic
ACC00793,NBC0793,8810108965,tabungan,26713861,2024-10-04,active,gold
ACC00794,NBC0794,8812536064,tabungan,19918770,2024-05-30,active,basic
ACC00795,NBC0795,8847486794,tabungan,1530648,2024-08-26,dormant,silver
ACC00796,NBC0796,8898948481,bisnis,151207891,2023-09-30,active,basic
ACC00797,NBC0797,8836100770,deposito,255878215,2023-04-01,active,basic
ACC00798,NBC0798,8873759493,tabungan,4919489,2024-07-16,active,silver
ACC00799,NBC0799,8807811171,tabungan,13655246,2025-01-27,active,gold
ACC00800,NBC0800,8800490214,tabungan,38602664,2025-02-05,active,basic
ACC00801,NBC0801,8815596743,tabungan,19334341,2024-12-08,active,gold
ACC00802,NBC0802,8884965523,tabungan,15693557,2024-12-03,active,silver
ACC00803,NBC0803,8870335300,tabungan,38187428,2024-05-19,active,silver
ACC00804,NBC0804,8899266536,tabungan,20978688,2025-01-26,active,silver
ACC00805,NBC0805,8897731739,tabungan,48259538,2024-12-23,active,basic
ACC00806,NBC0806,8824872385,bisnis,81953673,2024-06-30,active,basic
ACC00807,NBC0807,8853927687,tabungan,35402761,2024-08-19,dormant,silver
ACC00808,NBC0808,8841349317,bisnis,178682471,2022-08-21,active,basic
ACC00809,NBC0809,8867060558,deposito,497531274,2025-01-28,closed,silver
ACC00810,NBC0810,8873579211,tabungan,43122412,2023-01-22,active,silver
ACC00811,NBC0811,8850698935,bisnis,104808965,2025-01-24,active,basic
ACC00812,NBC0812,8864639897,deposito,407715122,2024-02-16,active,silver
ACC00813,NBC0813,8845570393,tabungan,1145255,2024-12-01,active,gold
ACC00814,NBC0814,8827186692,tabungan,16913281,2025-01-27,active,silver
ACC00815,NBC0815,8829050926,tabungan,24401184,2024-06-21,active,basic
ACC00816,NBC0816,8801101561,deposito,33774113,2024-08-30,active,silver
ACC00817,NBC0817,8897384498,tabungan,27968845,2023-05-02,active,basic
ACC00818,NBC0818,8813008823,deposito,48970089,2024-12-04,closed,silver
ACC00819,NBC0819,8869908672,tabungan,35725129,2023-10-18,active,gold
ACC00820,NBC0820,8831044817,tabungan,13296431,2025-02-11,active,basic
ACC00821,NBC0821,8836556192,tabungan,45483646,2025-01-27,dormant,gold
ACC00822,NBC0822,8888220631,tabungan,8585593,2022-07-26,active,gold
ACC00823,NBC0823,8841761302,bisnis,141769334,2024-04-25,active,gold
ACC00824,NBC0824,8841693683,deposito,106781759,2024-08-23,active,basic
ACC00825,NBC0825,8867640323,tabungan,21364393,2025-01-18,active,silver
ACC00826,NBC0826,8819325282,tabungan,38849005,2024-10-29,active,basic
ACC00827,NBC0827,8871269379,tabungan,42718463,2024-10-24,dormant,gold
ACC00828,NBC0828,8899522529,tabungan,17550769,2024-07-15,active,basic
ACC00829,NBC0829,8844843686,tabungan,27914899,2023-10-07,dormant,silver
ACC00830,NBC0830,8811433064,bisnis,136676132,2025-01-21,active,basic
ACC00831,NBC0831,8880587715,tabungan,1731294,2025-02-02,active,gold
ACC00832,NBC0832,8859062787,bisnis,85664913,2024-11-28,active,basic
ACC00833,NBC0833,8825912046,deposito,332356950,2023-08-15,dormant,silver
ACC00834,NBC0834,8821626603,tabungan,15896122,2023-09-24,active,basic
ACC00835,NBC0835,8858418029,deposito,83251195,2024-03-06,active,basic
ACC00836,NBC0836,8899977379,tabungan,21539599,2024-06-15,dormant,silver
ACC00837,NBC0837,8857955192,tabungan,13224169,2024-06-04,active,basic
ACC00838,NBC0838,8841117367,bisnis,68912354,2024-12-17,active,basic
ACC00839,NBC0839,8886256761,deposito,11361628,2024-03-23,active,silver
ACC00840,NBC0840,8858423300,tabungan,7039732,2023-10-02,active,basic
ACC00841,NBC0841,8856308292,deposito,296542631,2023-10-27,active,silver
ACC00842,NBC0842,8882873210,tabungan,42263064,2024-05-29,active,gold
ACC00843,NBC0843,8888312736,tabungan,31755466,2024-09-19,active,gold
ACC00844,NBC0844,8885220720,tabungan,23798951,2024-10-19,active,silver
ACC00845,NBC0845,8870842874,tabungan,4398551,2024-06-27,closed,basic
ACC00846,NBC0846,8816279636,deposito,450390487,2025-02-06,active,silver
ACC00847,NBC0847,8829555100,tabungan,21994075,2022-10-01,active,platinum
ACC00848,NBC0848,8808194842,deposito,200116161,2023-09-21,active,gold
ACC00849,NBC0849,8823003607,tabungan,8745052,2024-03-19,active,basic
ACC00850,NBC0850,8835028303,tabungan,9135562,2023-07-25,active,gold
ACC00851,NBC0851,8824375391,tabungan,45040494,2024-04-01,dormant,silver
ACC00852,NBC0852,8828091663,tabungan,29274841,2024-09-26,active,basic
ACC00853,NBC0853,8869687403,tabungan,8419343,2024-07-18,dormant,basic
ACC00854,NBC0854,8845441061,tabungan,13947330,2022-10-26,active,silver
ACC00855,NBC0855,8849700844,tabungan,29352358,2023-09-07,active,basic
ACC00856,NBC0856,8880151764,bisnis,197633843,2024-11-18,active,silver
ACC00857,NBC0857,8862809241,bisnis,38806082,2025-01-10,active,basic
ACC00858,NBC0858,8805096996,tabungan,8086980,2024-06-09,active,silver
ACC00859,NBC0859,8815255232,tabungan,6724684,2023-09-26,active,silver
ACC00860,NBC0860,8880588377,tabungan,9036157,2024-10-13,active,basic
ACC00861,NBC0861,8835404762,tabungan,42778621,2023-09-30,active,silver
ACC00862,NBC0862,8839501115,tabungan,22907777,2024-12-30,dormant,silver
ACC00863,NBC0863,8858627788,tabungan,10780869,2024-01-27,active,platinum
ACC00864,NBC0864,8860317489,tabungan,36224896,2023-02-05,active,basic
ACC00865,NBC0865,8804588097,tabungan,1353661,2023-08-08,active,basic
ACC00866,NBC0866,8861422935,tabungan,8000921,2024-10-02,active,gold
ACC00867,NBC0867,8845920559,tabungan,47245197,2023-10-03,active,gold
ACC00868,NBC0868,8857799113,tabungan,27397548,2024-10-25,active,silver
ACC00869,NBC0869,8883045762,tabungan,30246170,2024-08-16,active,basic
ACC00870,NBC0870,8851160895,tabungan,29772312,2024-06-29,active,silver
ACC00871,NBC0871,8870152213,tabungan,35708426,2024-10-12,active,silver
ACC00872,NBC0872,8889600834,bisnis,54567609,2024-05-30,dormant,basic
ACC00873,NBC0873,8812898993,tabungan,30869843,2024-12-24,dormant,silver
ACC00874,NBC0874,8846113997,deposito,8775524,2025-02-03,active,gold
ACC00875,NBC0875,8871560338,tabungan,38843027,2025-01-19,active,basic
ACC00876,NBC0876,8888528589,tabungan,45516525,2025-01-20,active,silver
ACC00877,NBC0877,8881843976,tabungan,34466570,2024-12-06,active,silver
ACC00878,NBC0878,8809007379,bisnis,187512698,2024-09-14,dormant,platinum
ACC00879,NBC0879,8899445744,tabungan,19196978,2024-08-01,active,basic
ACC00880,NBC0880,8807692626,tabungan,18696120,2025-01-02,active,silver
ACC00881,NBC0881,8854347591,deposito,348731341,2024-07-29,active,gold
ACC00882,NBC0882,8804359839,tabungan,46362788,2024-06-08,active,silver
ACC00883,NBC0883,8890799658,tabungan,34709698,2024-03-30,active,gold
ACC00884,NBC0884,8883756816,tabungan,21187332,2024-10-04,active,silver
ACC00885,NBC0885,8843407307,tabungan,32107662,2025-02-08,active,silver
ACC00886,NBC0886,8877613500,deposito,355122911,2022-10-28,active,silver
ACC00887,NBC0887,8883692233,tabungan,33112832,2023-10-09,active,silver
ACC00888,NBC0888,8854033699,tabungan,48116160,2025-01-27,closed,silver
ACC00889,NBC0889,8828502312,tabungan,40634745,2024-10-11,active,gold
ACC00890,NBC0890,8865327355,bisnis,183942533,2025-02-13,active,silver
ACC00891,NBC0891,8849724903,deposito,439254500,2024-02-10,active,basic
ACC00892,NBC0892,8823477146,tabungan,9472027,2025-02-02,active,silver
ACC00893,NBC0893,8809355557,tabungan,41195738,2024-09-06,active,basic
ACC00894,NBC0894,8800617413,deposito,27495775,2023-01-15,active,silver
ACC00895,NBC0895,8845947612,tabungan,28157991,2024-05-08,active,platinum
ACC00896,NBC0896,8893912706,tabungan,7332560,2024-10-31,active,basic
ACC00897,NBC0897,8876122283,deposito,179444249,2023-03-29,active,basic
ACC00898,NBC0898,8805644685,tabungan,44137859,2025-01-20,active,basic
ACC00899,NBC0899,8845555950,deposito,138322431,2022-03-23,dormant,basic
ACC00900,NBC0900,8835607778,tabungan,8560363,2024-07-26,active,basic
ACC00901,NBC0901,8843327639,tabungan,40748854,2024-12-02,active,silver
ACC00902,NBC0902,8804600823,tabungan,48631442,2024-08-09,active,basic
ACC00903,NBC0903,8862690222,tabungan,26964174,2024-09-23,closed,gold
ACC00904,NBC0904,8875506179,deposito,38322970,2024-07-19,active,basic
ACC00905,NBC0905,8870151200,tabungan,2591498,2024-09-25,active,platinum
ACC00906,NBC0906,8834490769,tabungan,14005384,2025-01-02,active,silver
ACC00907,NBC0907,8816218333,tabungan,32018539,2024-09-04,active,basic
ACC00908,NBC0908,8819296921,tabungan,39571165,2025-01-28,active,gold
ACC00909,NBC0909,8830712260,tabungan,264044,2024-06-14,active,basic
ACC00910,NBC0910,8882283774,deposito,469872270,2024-05-07,active,silver
ACC00911,NBC0911,8805498578,tabungan,12302476,2024-09-02,active,gold
ACC00912,NBC0912,8828206322,deposito,292466370,2024-12-10,active,basic
ACC00913,NBC0913,8880126980,tabungan,46604398,2024-08-16,active,silver
ACC00914,NBC0914,8866589524,tabungan,19637824,2024-11-09,closed,silver
ACC00915,NBC0915,8809606472,tabungan,33055122,2024-04-21,active,gold
ACC00916,NBC0916,8852573787,deposito,378004213,2024-04-13,active,silver
ACC00917,NBC0917,8877884070,tabungan,46732396,2024-03-03,active,basic
ACC00918,NBC0918,8865777061,deposito,440114283,2023-07-15,active,gold
ACC00919,NBC0919,8888972842,tabungan,9648195,2025-01-08,active,gold
ACC00920,NBC0920,8809282616,tabungan,26868754,2025-01-18,active,gold
ACC00921,NBC0921,8870053718,tabungan,17357548,2022-10-19,dormant,silver
ACC00922,NBC0922,8856688031,deposito,232764945,2023-12-09,dormant,gold
ACC00923,NBC0923,8866479512,tabungan,46403351,2024-11-21,active,gold
ACC00924,NBC0924,8883124285,tabungan,31386964,2024-12-04,active,silver
ACC00925,NBC0925,8841601991,tabungan,16086833,2023-08-14,active,silver
ACC00926,NBC0926,8880870170,tabungan,41493073,2023-08-07,active,basic
ACC00927,NBC0927,8871520771,tabungan,46548674,2024-07-11,active,gold
ACC00928,NBC0928,8874043368,tabungan,48722461,2022-11-17,active,silver
ACC00929,NBC0929,8879672461,deposito,315838140,2024-02-09,active,basic
ACC00930,NBC0930,8851109007,deposito,364537563,2025-01-23,active,silver
ACC00931,NBC0931,8878502050,tabungan,3522302,2024-07-20,active,basic
ACC00932,NBC0932,8849723920,tabungan,10072193,2024-08-05,active,basic
ACC00933,NBC0933,8829759974,tabungan,5596779,2024-02-23,dormant,silver
ACC00934,NBC0934,8853965974,deposito,353119033,2023-09-06,active,basic
ACC00935,NBC0935,8852694204,tabungan,17172825,2024-05-21,dormant,gold
ACC00936,NBC0936,8841537405,tabungan,5695577,2024-12-10,active,basic
ACC00937,NBC0937,8837937669,tabungan,6335464,2023-03-27,active,silver
ACC00938,NBC0938,8868160855,tabungan,46185471,2025-01-20,active,gold
ACC00939,NBC0939,8874905849,tabungan,33413142,2024-08-29,active,silver
ACC00940,NBC0940,8888144990,tabungan,48659124,2023-12-18,active,silver
ACC00941,NBC0941,8835862405,tabungan,34695160,2023-05-12,active,gold
ACC00942,NBC0942,8845099986,bisnis,119741371,2023-10-25,active,basic
ACC00943,NBC0943,8845352791,tabungan,14132445,2023-11-18,active,basic
ACC00944,NBC0944,8810851846,deposito,57168392,2024-08-22,active,silver
ACC00945,NBC0945,8889859321,tabungan,45561424,2024-08-09,active,basic
ACC00946,NBC0946,8896183073,tabungan,16391540,2023-06-16,active,silver
ACC00947,NBC0947,8880022642,tabungan,43776756,2023-08-18,active,gold
ACC00948,NBC0948,8820554829,bisnis,93423062,2025-01-11,active,silver
ACC00949,NBC0949,8881921474,bisnis,139292310,2024-02-16,active,silver
ACC00950,NBC0950,8884746042,tabungan,40959247,2024-11-14,active,basic
ACC00951,NBC0951,8871784721,deposito,318465293,2023-09-17,active,gold
ACC00952,NBC0952,8817275804,deposito,145794658,2024-09-17,active,basic
ACC00953,NBC0953,8892676988,tabungan,23194650,2024-08-13,dormant,basic
ACC00954,NBC0954,8879887754,tabungan,43657207,2024-09-04,active,basic
ACC00955,NBC0955,8884741340,tabungan,18808654,2024-08-14,active,silver
ACC00956,NBC0956,8829360596,deposito,67033645,2024-12-11,active,silver
ACC00957,NBC0957,8851934638,tabungan,12313481,2024-11-05,active,silver
ACC00958,NBC0958,8812484479,tabungan,40553935,2023-12-14,active,gold
ACC00959,NBC0959,8856115686,tabungan,16367264,2024-08-17,active,silver
ACC00960,NBC0960,8823070659,tabungan,9233727,2024-09-21,dormant,silver
ACC00961,NBC0961,8805316022,tabungan,17033122,2024-02-19,active,basic
ACC00962,NBC0962,8843303727,tabungan,30266151,2024-12-22,dormant,gold
ACC00963,NBC0963,8862447563,tabungan,4623525,2024-03-24,active,silver
ACC00964,NBC0964,8812138078,deposito,467555861,2023-04-19,closed,basic
ACC00965,NBC0965,8878066154,tabungan,12582789,2024-09-07,active,basic
ACC00966,NBC0966,8885866356,tabungan,23367773,2024-08-10,active,gold
ACC00967,NBC0967,8841802882,deposito,180075462,2024-05-11,active,silver
ACC00968,NBC0968,8812886690,tabungan,22822292,2024-01-05,active,basic
ACC00969,NBC0969,8894699842,deposito,494267750,2024-01-10,active,silver
ACC00970,NBC0970,8828470520,bisnis,144611419,2024-10-22,active,silver
ACC00971,NBC0971,8832988712,deposito,135212086,2024-10-23,active,silver
ACC00972,NBC0972,8803668642,bisnis,56766267,2023-08-28,active,silver
ACC00973,NBC0973,8878626852,tabungan,29796609,2025-02-12,closed,silver
ACC00974,NBC0974,8887603208,bisnis,126986319,2023-02-07,active,basic
ACC00975,NBC0975,8878347106,deposito,495038827,2024-12-09,active,silver
ACC00976,NBC0976,8883345573,tabungan,12313592,2024-10-14,active,basic
ACC00977,NBC0977,8823277004,tabungan,23059494,2024-08-08,active,gold
ACC00978,NBC0978,8858597302,deposito,182485045,2024-04-11,active,silver
ACC00979,NBC0979,8822857042,tabungan,31123231,2023-11-10,active,gold
ACC00980,NBC0980,8825554689,tabungan,17184155,2023-08-06,active,basic
ACC00981,NBC0981,8897704116,deposito,395007330,2023-04-18,active,silver
ACC00982,NBC0982,8881596467,deposito,260913542,2024-09-01,active,silver
ACC00983,NBC0983,8865690448,tabungan,15726075,2025-02-10,active,silver
ACC00984,NBC0984,8867332291,tabungan,45143684,2024-10-13,active,basic
ACC00985,NBC0985,8848955877,bisnis,185662386,2025-01-25,active,silver
ACC00986,NBC0986,8862394599,tabungan,2046655,2022-08-19,active,gold
ACC00987,NBC0987,8826407608,tabungan,45565528,2023-08-22,active,gold
ACC00988,NBC0988,8830120339,bisnis,160122418,2024-01-28,active,silver
ACC00989,NBC0989,8813871628,bisnis,137845597,2023-11-22,active,basic
ACC00990,NBC0990,8856890581,tabungan,15122027,2023-06-28,active,silver
ACC00991,NBC0991,8801533743,bisnis,10751799,2024-06-21,active,gold
ACC00992,NBC0992,8870277287,tabungan,21982682,2023-06-17,active,gold
ACC00993,NBC0993,8865969579,bisnis,19526103,2024-08-12,active,gold
ACC00994,NBC0994,8857595995,tabungan,44914351,2025-01-16,active,silver
ACC00995,NBC0995,8855362917,tabungan,24785630,2024-08-01,active,gold
ACC00996,NBC0996,8885418395,tabungan,7799596,2023-06-04,active,basic
ACC00997,NBC0997,8825207882,deposito,91142910,2023-11-15,active,silver
ACC00998,NBC0998,8851192145,tabungan,5086585,2024-10-02,active,silver
ACC00999,NBC0999,8845203027,deposito,268832342,2024-05-16,active,silver
ACC01000,NBC1000,8894730882,bisnis,169795546,2024-12-04,active,silver
ACC01001,NBC0232,8835321244,tabungan,20245108,2024-11-08,active,basic
ACC01002,NBC0522,8829363409,tabungan,744709,2024-10-11,active,basic
ACC01003,NBC0836,8821805257,tabungan,16911743,2023-09-29,active,basic
ACC01004,NBC0224,8899004794,deposito,311915208,2024-10-26,active,gold
ACC01005,NBC0025,8832546018,tabungan,6041861,2025-01-12,active,gold
ACC01006,NBC0618,8813434857,tabungan,39985714,2022-09-15,active,silver
ACC01007,NBC0124,8839962768,bisnis,18930068,2023-05-24,active,basic
ACC01008,NBC0586,8827342112,tabungan,28018008,2023-07-03,dormant,basic
ACC01009,NBC0510,8829138130,tabungan,1839455,2025-01-27,active,basic
ACC01010,NBC0795,8894802989,tabungan,6291929,2024-10-24,active,silver
ACC01011,NBC0127,8888196645,tabungan,3505056,2025-02-12,active,silver
ACC01012,NBC0207,8819199082,tabungan,10688657,2024-11-11,active,gold
ACC01013,NBC0879,8833568317,deposito,42636603,2024-09-26,active,gold
ACC01014,NBC0197,8866704171,tabungan,10274003,2023-12-02,active,platinum
ACC01015,NBC0042,8889191874,tabungan,861362,2023-05-21,active,basic
ACC01016,NBC0954,8801332034,tabungan,2500129,2024-04-05,active,silver
ACC01017,NBC0540,8856071487,tabungan,17782959,2024-12-22,active,basic
ACC01018,NBC0844,8850775257,deposito,418362008,2024-11-14,active,gold
ACC01019,NBC0230,8816316037,bisnis,41308584,2023-01-27,active,basic
ACC01020,NBC0220,8811057039,tabungan,43216757,2025-02-08,dormant,gold
ACC01021,NBC0865,8830667005,bisnis,164796326,2024-05-23,closed,basic
ACC01022,NBC0420,8846966932,tabungan,39949778,2025-01-08,dormant,silver
ACC01023,NBC0172,8870071580,tabungan,16730824,2023-04-09,active,silver
ACC01024,NBC0111,8871408633,bisnis,7594214,2024-07-24,active,silver
ACC01025,NBC0473,8843065874,deposito,103035683,2023-07-30,active,gold
ACC01026,NBC0608,8888839237,deposito,158176872,2025-02-11,active,silver
ACC01027,NBC0315,8897228582,tabungan,22585077,2022-01-22,dormant,basic
ACC01028,NBC0064,8885455139,deposito,373238009,2023-07-23,active,gold
ACC01029,NBC0221,8860348236,tabungan,7772422,2025-01-11,dormant,gold
ACC01030,NBC0864,8883873693,deposito,271078078,2024-02-14,active,silver
ACC01031,NBC0468,8880043647,bisnis,39522499,2023-06-28,dormant,basic
ACC01032,NBC0465,8846648674,tabungan,24533815,2025-01-10,active,basic
ACC01033,NBC0853,8837120631,tabungan,6694447,2024-07-03,active,basic
ACC01034,NBC0593,8852977601,bisnis,123273905,2024-05-24,active,silver
ACC01035,NBC0335,8884081144,tabungan,17558243,2024-04-29,dormant,silver
ACC01036,NBC0644,8872814361,bisnis,21832879,2024-01-02,active,silver
ACC01037,NBC0349,8886114603,deposito,44026037,2024-12-15,active,gold
ACC01038,NBC0682,8818926055,tabungan,25269321,2023-11-11,active,basic
ACC01039,NBC0992,8846542683,tabungan,22902597,2024-04-25,dormant,basic
ACC01040,NBC0606,8843771403,tabungan,25586258,2024-09-11,active,basic
ACC01041,NBC0249,8845459566,tabungan,19566120,2025-01-23,active,silver
ACC01042,NBC0906,8830119622,tabungan,2023488,2023-05-24,active,platinum
ACC01043,NBC0435,8823869742,tabungan,33422438,2025-01-08,active,basic
ACC01044,NBC0259,8873683850,tabungan,46436358,2022-09-23,dormant,gold
ACC01045,NBC0958,8870934099,tabungan,39085539,2024-05-15,dormant,silver
ACC01046,NBC0637,8850811364,tabungan,5806515,2024-08-24,active,basic
ACC01047,NBC0557,8834848437,deposito,464632652,2023-02-25,active,gold
ACC01048,NBC0116,8806279595,tabungan,31198119,2023-05-23,dormant,gold
ACC01049,NBC0489,8842954496,bisnis,191041961,2023-12-24,active,gold
ACC01050,NBC0378,8854217562,deposito,234644796,2024-03-20,active,basic
ACC01051,NBC0907,8828001617,tabungan,31953266,2024-10-20,active,silver
ACC01052,NBC0752,8847945923,tabungan,13836759,2025-01-25,active,silver
ACC01053,NBC0041,8816383264,deposito,173064491,2025-02-15,closed,basic
ACC01054,NBC0810,8889710017,deposito,493255547,2024-10-29,active,basic
ACC01055,NBC0493,8881294576,tabungan,956256,2024-03-20,active,basic
ACC01056,NBC0149,8830494841,tabungan,5125931,2025-01-03,active,silver
ACC01057,NBC0284,8823552833,deposito,380192706,2024-10-26,active,silver
ACC01058,NBC0297,8887567981,tabungan,32539971,2024-01-06,active,basic
ACC01059,NBC0160,8802656477,deposito,359090394,2024-01-19,active,silver
ACC01060,NBC0320,8858821870,tabungan,6532807,2023-06-18,dormant,basic
ACC01061,NBC0790,8894107911,tabungan,45407594,2024-12-11,dormant,silver
ACC01062,NBC0062,8814644611,deposito,228618472,2025-01-06,active,silver
ACC01063,NBC0065,8883097542,tabungan,39192495,2024-12-21,active,silver
ACC01064,NBC0398,8873885237,tabungan,49187078,2025-01-31,active,silver
ACC01065,NBC0845,8874877007,tabungan,48526562,2024-08-20,active,basic
ACC01066,NBC0782,8812532512,deposito,305818159,2024-07-21,active,basic
ACC01067,NBC0321,8880822679,tabungan,5908015,2024-12-09,active,basic
ACC01068,NBC0229,8896660286,bisnis,157683974,2023-06-30,active,basic
ACC01069,NBC0098,8883957164,tabungan,24298501,2024-08-03,active,basic
ACC01070,NBC0982,8882100370,tabungan,27112058,2024-12-13,active,gold
ACC01071,NBC0256,8890703780,deposito,451658674,2024-12-04,active,basic
ACC01072,NBC0957,8866932070,deposito,288322756,2025-01-04,active,silver
ACC01073,NBC0146,8834849267,deposito,311359485,2024-05-16,active,silver
ACC01074,NBC0250,8887629650,tabungan,48588593,2024-01-01,dormant,basic
ACC01075,NBC0117,8844565726,tabungan,31961405,2025-01-05,dormant,basic
ACC01076,NBC0549,8854198281,deposito,257807722,2024-09-24,active,gold
ACC01077,NBC0936,8877950034,deposito,244846311,2024-10-02,active,silver
ACC01078,NBC0749,8820262693,tabungan,22503912,2024-05-17,active,gold
ACC01079,NBC0166,8826452573,deposito,36325121,2023-04-29,active,basic
ACC01080,NBC0888,8890740635,tabungan,16308273,2024-09-23,active,silver
ACC01081,NBC0909,8885224767,deposito,51461544,2024-09-20,active,basic
ACC01082,NBC0941,8825837990,tabungan,24802503,2023-07-17,dormant,basic
ACC01083,NBC0643,8853669332,tabungan,4250600,2024-07-18,active,basic
ACC01084,NBC0796,8833422856,tabungan,33155607,2023-11-26,active,silver
ACC01085,NBC0617,8837237225,bisnis,43272738,2025-01-13,dormant,silver
ACC01086,NBC0783,8810337008,tabungan,39005026,2024-10-31,active,silver
ACC01087,NBC0732,8842340370,deposito,377012002,2024-05-26,active,gold
ACC01088,NBC0948,8833318838,tabungan,18024631,2024-08-12,active,basic
ACC01089,NBC0440,8861257804,tabungan,18952944,2023-08-29,active,silver
ACC01090,NBC0015,8871985176,tabungan,31288174,2023-10-04,active,gold
ACC01091,NBC0157,8880645544,tabungan,38443779,2024-09-03,closed,silver
ACC01092,NBC0854,8821578379,tabungan,48948972,2024-10-01,active,silver
ACC01093,NBC0163,8864053273,deposito,364014825,2023-06-29,active,basic
ACC01094,NBC0778,8868859342,tabungan,43565938,2024-03-08,closed,silver
ACC01095,NBC0479,8839039799,tabungan,35410874,2024-03-28,active,silver
ACC01096,NBC0381,8833150321,deposito,256657759,2024-10-03,dormant,silver
ACC01097,NBC0817,8859655102,tabungan,39953464,2024-07-25,dormant,gold
ACC01098,NBC0785,8866686067,tabungan,22354762,2023-10-27,active,basic
ACC01099,NBC0088,8876714998,tabungan,15075611,2024-07-21,active,silver
ACC01100,NBC0573,8828959103,tabungan,28860318,2023-04-05,active,basic
ACC01101,NBC0452,8824276221,tabungan,35515840,2025-01-04,active,gold
ACC01102,NBC0447,8896374396,tabungan,21927450,2024-01-14,closed,silver
ACC01103,NBC0196,8895940389,bisnis,61663591,2023-08-31,active,basic
ACC01104,NBC0001,8846565317,deposito,191759319,2024-09-06,active,basic
ACC01105,NBC0931,8873002102,tabungan,4006259,2025-02-13,active,basic
ACC01106,NBC0572,8873663256,tabungan,49512345,2025-01-02,active,silver
ACC01107,NBC0895,8832234874,deposito,357623113,2024-10-11,active,gold
ACC01108,NBC0839,8891660191,tabungan,37968207,2024-03-18,active,silver
ACC01109,NBC0736,8804886607,tabungan,2340447,2025-02-09,dormant,basic
ACC01110,NBC0728,8826447893,tabungan,14050101,2024-11-29,active,silver
ACC01111,NBC0652,8885954176,deposito,361736526,2024-05-18,active,basic
ACC01112,NBC0767,8893716458,tabungan,4011078,2024-05-03,active,silver
ACC01113,NBC0706,8845734669,tabungan,7310332,2022-07-03,dormant,basic
ACC01114,NBC0943,8873387805,bisnis,81070113,2024-01-31,active,basic
ACC01115,NBC0463,8890566518,tabungan,8875688,2025-02-07,active,basic
ACC01116,NBC0762,8884771988,bisnis,51873844,2024-12-05,closed,silver
ACC01117,NBC0480,8874345096,deposito,274754468,2023-08-15,dormant,silver
ACC01118,NBC0852,8893806250,tabungan,34198767,2024-01-10,dormant,silver
ACC01119,NBC0871,8808996469,tabungan,10152705,2023-11-08,active,gold
ACC01120,NBC0415,8843435486,deposito,348479315,2025-01-03,closed,gold
ACC01121,NBC0985,8821215603,deposito,324365517,2025-02-05,active,basic
ACC01122,NBC0456,8810880354,tabungan,33949972,2024-07-07,active,silver
ACC01123,NBC0175,8846604903,deposito,230275082,2024-03-31,active,silver
ACC01124,NBC0877,8847476911,deposito,261054897,2024-12-09,active,gold
ACC01125,NBC0192,8822150396,deposito,233722708,2024-01-17,active,silver
ACC01126,NBC0314,8858681900,tabungan,46992488,2024-01-04,active,basic
ACC01127,NBC0887,8858933352,tabungan,20413713,2022-09-09,active,basic
ACC01128,NBC0933,8860138550,tabungan,36594340,2024-09-16,dormant,basic
ACC01129,NBC0165,8895738010,tabungan,1838931,2023-11-16,active,basic
ACC01130,NBC0206,8845718158,tabungan,4702320,2023-05-11,active,silver
ACC01131,NBC0944,8819499913,bisnis,15209998,2024-10-30,active,silver
ACC01132,NBC0211,8850551919,bisnis,108188757,2024-06-24,active,silver
ACC01133,NBC0258,8887186717,tabungan,15039185,2024-12-12,active,gold
ACC01134,NBC0114,8804929328,tabungan,622564,2024-01-26,active,basic
ACC01135,NBC0281,8807196129,tabungan,48108904,2024-10-03,closed,basic
ACC01136,NBC0262,8821349522,deposito,123113343,2023-07-26,active,basic
ACC01137,NBC0990,8840037177,tabungan,2924696,2024-05-16,dormant,silver
ACC01138,NBC0856,8862748066,tabungan,24474976,2024-11-27,active,silver
ACC01139,NBC0897,8826203069,bisnis,29012355,2023-05-07,active,basic
ACC01140,NBC0069,8816571211,deposito,450692584,2023-05-18,active,basic
ACC01141,NBC0419,8801811239,deposito,302623682,2025-01-29,active,silver
ACC01142,NBC0238,8830255987,deposito,457988193,2024-09-14,active,gold
ACC01143,NBC0369,8806231459,tabungan,39077442,2024-10-31,dormant,silver
ACC01144,NBC0779,8889109619,tabungan,28988675,2024-11-13,active,basic
ACC01145,NBC0825,8880450521,deposito,414530511,2025-02-08,active,gold
ACC01146,NBC0882,8803608164,bisnis,17975737,2023-01-13,active,basic
ACC01147,NBC0993,8804460819,tabungan,7026884,2024-12-12,active,basic
ACC01148,NBC0712,8840834695,deposito,273200933,2024-12-28,active,silver
ACC01149,NBC0885,8895060958,tabungan,17790707,2025-01-31,dormant,basic
ACC01150,NBC0822,8827456698,tabungan,2430792,2024-06-25,dormant,silver
ACC01151,NBC0139,8898590742,tabungan,14893382,2025-01-24,active,silver
ACC01152,NBC0695,8814290495,deposito,331626143,2023-04-25,active,silver
ACC01153,NBC0658,8862538476,bisnis,122450465,2024-09-06,active,basic
ACC01154,NBC0878,8895301647,tabungan,26308320,2024-06-25,active,platinum
ACC01155,NBC0604,8861746859,tabungan,9427054,2024-11-02,active,silver
ACC01156,NBC0408,8862976116,tabungan,1061278,2022-11-12,active,basic
ACC01157,NBC0772,8886603498,tabungan,26067522,2024-10-27,active,silver
ACC01158,NBC0148,8868967016,tabungan,8654683,2023-08-15,dormant,silver
ACC01159,NBC0233,8827740215,bisnis,99707772,2025-01-09,active,gold
ACC01160,NBC0922,8831252423,tabungan,33469234,2024-01-28,dormant,gold
ACC01161,NBC0289,8856008589,tabungan,22930621,2025-01-01,active,gold
ACC01162,NBC0164,8861721505,tabungan,20829914,2024-12-18,active,silver
ACC01163,NBC0030,8853531318,tabungan,10179668,2023-05-03,active,silver
ACC01164,NBC0084,8860599342,tabungan,18366704,2024-03-31,dormant,basic
ACC01165,NBC0316,8821091294,tabungan,16353793,2023-01-18,active,silver
ACC01166,NBC0638,8831414087,bisnis,69794758,2024-12-30,active,silver
ACC01167,NBC0622,8843779824,deposito,279874527,2024-05-05,closed,silver
ACC01168,NBC0607,8811682313,tabungan,3128785,2022-12-04,active,silver
ACC01169,NBC0033,8818100962,tabungan,33123346,2025-02-12,active,basic
ACC01170,NBC0243,8826578963,deposito,467522541,2024-08-13,active,basic
ACC01171,NBC0008,8858774526,deposito,369687117,2024-05-27,dormant,silver
ACC01172,NBC0094,8848882372,tabungan,14408075,2025-01-20,active,silver
ACC01173,NBC0011,8842253511,deposito,173881988,2023-12-18,active,silver
ACC01174,NBC0509,8882805034,bisnis,125575109,2024-02-20,active,basic
ACC01175,NBC0286,8838828720,tabungan,22676055,2024-05-13,active,basic
ACC01176,NBC0234,8867666082,tabungan,17682239,2024-10-07,active,basic
ACC01177,NBC0490,8845871207,deposito,295090486,2025-01-28,active,silver
ACC01178,NBC0283,8813685931,tabungan,21132316,2024-03-20,active,silver
ACC01179,NBC0582,8826210741,deposito,204403365,2024-08-13,active,basic
ACC01180,NBC0272,8843010614,deposito,142935338,2025-01-29,active,basic
ACC01181,NBC0777,8829964574,tabungan,19303596,2024-10-09,dormant,basic
ACC01182,NBC0009,8831997115,tabungan,18301328,2024-08-18,active,silver
ACC01183,NBC0472,8834972969,tabungan,15319058,2023-11-08,active,silver
ACC01184,NBC0070,8810034344,deposito,255935171,2022-12-14,active,basic
ACC01185,NBC0956,8875858618,tabungan,40348907,2024-11-30,active,silver
ACC01186,NBC0813,8817860215,bisnis,141024063,2025-01-21,active,basic
ACC01187,NBC0394,8879437638,tabungan,38532411,2024-12-24,dormant,basic
ACC01188,NBC0974,8849033122,tabungan,8660646,2024-01-28,active,silver
ACC01189,NBC0338,8895480704,tabungan,12596792,2023-08-02,active,basic
ACC01190,NBC0400,8814836874,deposito,246843676,2024-03-12,active,platinum
ACC01191,NBC0518,8874070366,deposito,251870260,2024-07-30,active,gold
ACC01192,NBC0867,8856007622,tabungan,27690474,2024-12-20,active,silver
ACC01193,NBC0686,8821282193,deposito,463921182,2024-03-26,active,silver
ACC01194,NBC0851,8882784726,bisnis,135642570,2024-08-26,active,basic
ACC01195,NBC0407,8839330459,deposito,145353091,2025-02-07,active,silver
ACC01196,NBC0501,8892066604,deposito,455180883,2024-10-06,active,silver
ACC01197,NBC0987,8831234435,tabungan,36545521,2023-11-05,active,silver
ACC01198,NBC0680,8849811846,tabungan,35067148,2024-12-31,active,basic
ACC01199,NBC0301,8824210637,bisnis,94850810,2023-03-25,active,basic
ACC01200,NBC0621,8817048364,tabungan,37501801,2024-06-14,active,basic
