card_id,customer_id,account_id,card_type,card_number_masked,expiry_date,status,credit_limit_idr,outstanding_idr
CRD0001,NBC0632,ACC00632,debit,**** **** **** 1194,06/2029,active,,
CRD0002,NBC0328,ACC00328,credit,**** **** **** 0455,05/2027,blocked,15000000,579414
CRD0003,NBC0159,ACC00159,debit,**** **** **** 9614,05/2024,active,,
CRD0004,NBC0191,ACC00191,prepaid,**** **** **** 1504,09/2029,active,,
CRD0005,NBC0232,ACC01001,prepaid,**** **** **** 9582,06/2027,active,,
CRD0006,NBC0200,ACC00200,debit,**** **** **** 2117,07/2025,active,,
CRD0007,NBC0171,ACC00171,credit,**** **** **** 9933,04/2027,active,5000000,3112441
CRD0008,NBC0959,ACC00959,credit,**** **** **** 7366,04/2027,active,20000000,11867581
CRD0009,NBC0348,ACC00348,debit,**** **** **** 5138,04/2028,blocked,,
CRD0010,NBC0669,ACC00669,credit,**** **** **** 4201,08/2024,active,50000000,18098021
CRD0011,NBC0688,ACC00688,debit,**** **** **** 6338,04/2024,active,,
CRD0012,NBC0571,ACC00571,prepaid,**** **** **** 1626,08/2025,active,,
CRD0013,NBC0952,ACC00952,debit,**** **** **** 8506,04/2026,expired,,
CRD0014,NBC0237,ACC00237,credit,**** **** **** 3027,01/2027,active,5000000,1010010
CRD0015,NBC0304,ACC00304,debit,**** **** **** 2283,03/2028,active,,
CRD0016,NBC0129,ACC00129,prepaid,**** **** **** 8834,02/2027,active,,
CRD0017,NBC0522,ACC01002,credit,**** **** **** 4269,03/2028,active,10000000,6136092
CRD0018,NBC0547,ACC00547,debit,**** **** **** 7212,03/2026,active,,
CRD0019,NBC0999,ACC00999,credit,**** **** **** 8896,07/2028,blocked,75000000,5909353
CRD0020,NBC0794,ACC00794,prepaid,**** **** **** 8212,06/2029,active,,
CRD0021,NBC0891,ACC00891,debit,**** **** **** 0989,09/2025,active,,
CRD0022,NBC0292,ACC00292,debit,**** **** **** 8979,01/2027,active,,
CRD0023,NBC0016,ACC00016,credit,**** **** **** 3195,08/2025,active,20000000,8013155
CRD0024,NBC0606,ACC00606,debit,**** **** **** 6733,03/2026,active,,
CRD0025,NBC0458,ACC00458,credit,**** **** **** 5792,05/2028,active,75000000,44246399
CRD0026,NBC0468,ACC00468,credit,**** **** **** 7111,04/2024,active,20000000,14912018
CRD0027,NBC0094,ACC01172,debit,**** **** **** 4265,10/2024,blocked,,
CRD0028,NBC0633,ACC00633,credit,**** **** **** 4441,05/2029,blocked,5000000,1141370
CRD0029,NBC0261,ACC00261,debit,**** **** **** 8456,02/2026,active,,
CRD0030,NBC0535,ACC00535,prepaid,**** **** **** 9269,04/2025,active,,
CRD0031,NBC0004,ACC00004,credit,**** **** **** 4853,09/2025,active,50000000,20057651
CRD0032,NBC0343,ACC00343,debit,**** **** **** 3962,10/2029,active,,
CRD0033,NBC0895,ACC00895,debit,**** **** **** 0544,08/2029,active,,
CRD0034,NBC0585,ACC00585,debit,**** **** **** 5411,03/2029,active,,
CRD0035,NBC0596,ACC00596,debit,**** **** **** 5221,11/2024,blocked,,
CRD0036,NBC0830,ACC00830,credit,**** **** **** 3670,08/2027,active,100000000,38881266
CRD0037,NBC0970,ACC00970,credit,**** **** **** 5443,06/2028,active,5000000,3104307
CRD0038,NBC0802,ACC00802,debit,**** **** **** 4029,07/2027,active,,
CRD0039,NBC0350,ACC00350,debit,**** **** **** 6534,04/2026,active,,
CRD0040,NBC0466,ACC00466,prepaid,**** **** **** 8725,05/2026,active,,
CRD0041,NBC0077,ACC00077,debit,**** **** **** 3058,07/2029,active,,
CRD0042,NBC0816,ACC00816,prepaid,**** **** **** 2279,02/2029,active,,
CRD0043,NBC0022,ACC00022,debit,**** **** **** 5551,04/2026,active,,
CRD0044,NBC0582,ACC00582,debit,**** **** **** 9134,04/2026,active,,
CRD0045,NBC0381,ACC00381,debit,**** **** **** 0889,02/2026,active,,
CRD0046,NBC0572,ACC01106,debit,**** **** **** 8268,09/2029,active,,
CRD0047,NBC0210,ACC00210,credit,**** **** **** 8009,02/2024,active,100000000,67549944
CRD0048,NBC0968,ACC00968,debit,**** **** **** 2833,12/2025,active,,
CRD0049,NBC0461,ACC00461,debit,**** **** **** 3135,12/2028,active,,
CRD0050,NBC0844,ACC01018,debit,**** **** **** 2830,09/2024,active,,
CRD0051,NBC0192,ACC00192,debit,**** **** **** 5686,08/2025,active,,
CRD0052,NBC0374,ACC00374,prepaid,**** **** **** 0631,01/2025,active,,
CRD0053,NBC0864,ACC00864,credit,**** **** **** 7983,03/2026,active,100000000,75241823
CRD0054,NBC0368,ACC00368,prepaid,**** **** **** 2847,09/2028,active,,
CRD0055,NBC0647,ACC00647,credit,**** **** **** 0315,11/2028,active,75000000,57183866
CRD0056,NBC0825,ACC01145,debit,**** **** **** 8690,01/2029,active,,
CRD0057,NBC0858,ACC00858,credit,**** **** **** 8142,10/2026,blocked,20000000,9889688
CRD0058,NBC0081,ACC00081,debit,**** **** **** 3836,03/2028,active,,
CRD0059,NBC0204,ACC00204,debit,**** **** **** 6530,03/2025,expired,,
CRD0060,NBC0357,ACC00357,debit,**** **** **** 5449,11/2024,blocked,,
CRD0061,NBC0298,ACC00298,prepaid,**** **** **** 4045,07/2028,active,,
CRD0062,NBC0505,ACC00505,debit,**** **** **** 8754,03/2029,active,,
CRD0063,NBC0605,ACC00605,credit,**** **** **** 7314,01/2027,active,20000000,14544989
CRD0064,NBC0062,ACC01062,debit,**** **** **** 8210,04/2024,active,,
CRD0065,NBC0995,ACC00995,debit,**** **** **** 4699,09/2028,active,,
CRD0066,NBC0133,ACC00133,prepaid,**** **** **** 5164,01/2025,active,,
CRD0067,NBC0887,ACC00887,credit,**** **** **** 6129,04/2027,active,75000000,19256876
CRD0068,NBC0576,ACC00576,credit,**** **** **** 7881,02/2027,expired,50000000,1281229
CRD0069,NBC0959,ACC00959,debit,**** **** **** 7387,03/2025,active,,
CRD0070,NBC0772,ACC00772,debit,**** **** **** 2477,05/2025,active,,
CRD0071,NBC0066,ACC00066,credit,**** **** **** 3830,12/2024,active,30000000,10173617
CRD0072,NBC0609,ACC00609,prepaid,**** **** **** 1962,09/2024,active,,
CRD0073,NBC0149,ACC01056,credit,**** **** **** 5841,06/2028,active,15000000,12351050
CRD0074,NBC0600,ACC00600,debit,**** **** **** 5523,10/2025,active,,
CRD0075,NBC0749,ACC01078,debit,**** **** **** 4377,09/2027,active,,
CRD0076,NBC0600,ACC00600,credit,**** **** **** 9136,09/2024,active,30000000,12934494
CRD0077,NBC0714,ACC00714,debit,**** **** **** 5017,10/2029,active,,
CRD0078,NBC0633,ACC00633,debit,**** **** **** 9477,12/2025,active,,
CRD0079,NBC0609,ACC00609,debit,**** **** **** 6234,12/2028,active,,
CRD0080,NBC0446,ACC00446,debit,**** **** **** 8323,08/2025,active,,
CRD0081,NBC0161,ACC00161,debit,**** **** **** 7030,07/2025,blocked,,
CRD0082,NBC0824,ACC00824,debit,**** **** **** 6108,01/2029,active,,
CRD0083,NBC0832,ACC00832,debit,**** **** **** 8169,05/2027,active,,
CRD0084,NBC0664,ACC00664,debit,**** **** **** 3536,08/2028,active,,
CRD0085,NBC0119,ACC00119,debit,**** **** **** 2536,10/2025,active,,
CRD0086,NBC0673,ACC00673,credit,**** **** **** 0997,08/2025,active,5000000,4737534
CRD0087,NBC0785,ACC00785,debit,**** **** **** 9574,05/2029,active,,
CRD0088,NBC0749,ACC00749,prepaid,**** **** **** 8567,12/2029,active,,
CRD0089,NBC0930,ACC00930,debit,**** **** **** 6118,12/2026,active,,
CRD0090,NBC0999,ACC00999,debit,**** **** **** 5859,05/2029,active,,
CRD0091,NBC0321,ACC01067,debit,**** **** **** 1776,10/2026,active,,
CRD0092,NBC0967,ACC00967,debit,**** **** **** 1769,07/2024,active,,
CRD0093,NBC0721,ACC00721,debit,**** **** **** 8294,08/2028,active,,
CRD0094,NBC0466,ACC00466,debit,**** **** **** 7055,12/2028,active,,
CRD0095,NBC0082,ACC00082,debit,**** **** **** 3437,05/2024,active,,
CRD0096,NBC0335,ACC00335,credit,**** **** **** 0040,11/2026,active,50000000,36017939
CRD0097,NBC0893,ACC00893,credit,**** **** **** 5662,04/2028,expired,10000000,5364029
CRD0098,NBC0762,ACC00762,prepaid,**** **** **** 2116,03/2028,active,,
CRD0099,NBC0488,ACC00488,debit,**** **** **** 7424,01/2025,active,,
CRD0100,NBC0281,ACC00281,credit,**** **** **** 2373,05/2028,active,50000000,23395326
CRD0101,NBC0348,ACC00348,debit,**** **** **** 4768,04/2028,active,,
CRD0102,NBC0599,ACC00599,debit,**** **** **** 0674,10/2029,active,,
CRD0103,NBC0775,ACC00775,debit,**** **** **** 4506,02/2025,active,,
CRD0104,NBC0433,ACC00433,debit,**** **** **** 6394,10/2026,active,,
CRD0105,NBC0206,ACC01130,prepaid,**** **** **** 3193,06/2024,blocked,,
CRD0106,NBC0985,ACC00985,credit,**** **** **** 4022,10/2028,blocked,5000000,150950
CRD0107,NBC0501,ACC01196,debit,**** **** **** 8993,02/2029,active,,
CRD0108,NBC0996,ACC00996,debit,**** **** **** 1724,10/2029,active,,
CRD0109,NBC0561,ACC00561,debit,**** **** **** 7684,07/2027,active,,
CRD0110,NBC0907,ACC00907,debit,**** **** **** 5726,08/2024,active,,
CRD0111,NBC0206,ACC00206,credit,**** **** **** 1855,10/2029,active,100000000,25524718
CRD0112,NBC0268,ACC00268,debit,**** **** **** 7040,03/2029,blocked,,
CRD0113,NBC0384,ACC00384,credit,**** **** **** 9709,03/2026,active,15000000,1191498
CRD0114,NBC0631,ACC00631,debit,**** **** **** 7767,10/2026,active,,
CRD0115,NBC0719,ACC00719,debit,**** **** **** 0708,12/2025,active,,
CRD0116,NBC0236,ACC00236,credit,**** **** **** 0689,04/2024,active,30000000,22668304
CRD0117,NBC0912,ACC00912,credit,**** **** **** 1127,09/2025,active,30000000,21237513
CRD0118,NBC0404,ACC00404,debit,**** **** **** 5246,04/2029,active,,
CRD0119,NBC0319,ACC00319,debit,**** **** **** 7560,11/2025,active,,
CRD0120,NBC0330,ACC00330,debit,**** **** **** 2223,04/2027,active,,
CRD0121,NBC0690,ACC00690,debit,**** **** **** 7857,04/2027,active,,
CRD0122,NBC0115,ACC00115,prepaid,**** **** **** 4499,01/2025,active,,
CRD0123,NBC0867,ACC00867,debit,**** **** **** 3215,05/2026,expired,,
CRD0124,NBC0395,ACC00395,credit,**** **** **** 4539,04/2026,active,100000000,46962668
CRD0125,NBC0890,ACC00890,credit,**** **** **** 5631,12/2029,active,50000000,13406864
CRD0126,NBC0091,ACC00091,debit,**** **** **** 3251,01/2027,active,,
CRD0127,NBC0124,ACC00124,credit,**** **** **** 6494,06/2028,active,30000000,10008650
CRD0128,NBC0161,ACC00161,debit,**** **** **** 9694,06/2029,active,,
CRD0129,NBC0289,ACC01161,credit,**** **** **** 9734,12/2027,active,10000000,1128022
CRD0130,NBC0890,ACC00890,debit,**** **** **** 4996,11/2028,active,,
CRD0131,NBC0489,ACC00489,debit,**** **** **** 9793,01/2026,active,,
CRD0132,NBC0902,ACC00902,debit,**** **** **** 0086,01/2027,active,,
CRD0133,NBC0363,ACC00363,credit,**** **** **** 0864,01/2029,active,15000000,1799412
CRD0134,NBC0738,ACC00738,debit,**** **** **** 9062,07/2026,active,,
CRD0135,NBC0258,ACC00258,prepaid,**** **** **** 6920,07/2026,active,,
CRD0136,NBC0721,ACC00721,debit,**** **** **** 0312,03/2025,active,,
CRD0137,NBC0242,ACC00242,debit,**** **** **** 9000,08/2027,active,,
CRD0138,NBC0202,ACC00202,credit,**** **** **** 0135,12/2026,active,75000000,45446609
CRD0139,NBC0447,ACC00447,credit,**** **** **** 4696,06/2029,active,15000000,8830242
CRD0140,NBC0377,ACC00377,debit,**** **** **** 6144,08/2029,active,,
CRD0141,NBC0508,ACC00508,debit,**** **** **** 8677,05/2025,active,,
CRD0142,NBC0106,ACC00106,credit,**** **** **** 8837,11/2026,blocked,20000000,5624343
CRD0143,NBC0835,ACC00835,prepaid,**** **** **** 8852,07/2024,active,,
CRD0144,NBC0070,ACC00070,debit,**** **** **** 5137,09/2025,active,,
CRD0145,NBC0787,ACC00787,prepaid,**** **** **** 0885,08/2027,active,,
CRD0146,NBC0196,ACC00196,debit,**** **** **** 4033,06/2026,blocked,,
CRD0147,NBC0345,ACC00345,debit,**** **** **** 1576,01/2025,active,,
CRD0148,NBC0455,ACC00455,debit,**** **** **** 2098,07/2026,active,,
CRD0149,NBC0038,ACC00038,debit,**** **** **** 2281,01/2027,active,,
CRD0150,NBC0214,ACC00214,debit,**** **** **** 8679,06/2025,active,,
CRD0151,NBC0648,ACC00648,debit,**** **** **** 3518,10/2029,active,,
CRD0152,NBC0230,ACC01019,debit,**** **** **** 9822,12/2026,active,,
CRD0153,NBC0214,ACC00214,debit,**** **** **** 4242,10/2024,active,,
CRD0154,NBC0592,ACC00592,prepaid,**** **** **** 7802,08/2025,expired,,
CRD0155,NBC0835,ACC00835,credit,**** **** **** 9638,07/2026,active,30000000,17421634
CRD0156,NBC0526,ACC00526,debit,**** **** **** 4035,04/2029,blocked,,
CRD0157,NBC0695,ACC00695,credit,**** **** **** 1012,06/2024,blocked,5000000,2070341
CRD0158,NBC0628,ACC00628,debit,**** **** **** 2516,02/2027,blocked,,
CRD0159,NBC0060,ACC00060,debit,**** **** **** 6551,06/2025,active,,
CRD0160,NBC0817,ACC00817,prepaid,**** **** **** 9949,03/2025,active,,
CRD0161,NBC0016,ACC00016,credit,**** **** **** 3018,08/2027,active,100000000,43582075
CRD0162,NBC0150,ACC00150,debit,**** **** **** 7670,12/2027,active,,
CRD0163,NBC0043,ACC00043,credit,**** **** **** 3625,11/2027,active,5000000,320122
CRD0164,NBC0282,ACC00282,debit,**** **** **** 7904,12/2025,active,,
CRD0165,NBC0867,ACC01192,debit,**** **** **** 8607,03/2024,active,,
CRD0166,NBC0987,ACC01197,debit,**** **** **** 9617,02/2027,blocked,,
CRD0167,NBC0822,ACC00822,credit,**** **** **** 3840,06/2029,blocked,100000000,73052608
CRD0168,NBC0897,ACC00897,debit,**** **** **** 9826,10/2029,active,,
CRD0169,NBC0410,ACC00410,prepaid,**** **** **** 6309,01/2026,expired,,
CRD0170,NBC0510,ACC01009,debit,**** **** **** 0468,04/2027,active,,
CRD0171,NBC0779,ACC01144,debit,**** **** **** 3692,06/2026,active,,
CRD0172,NBC0842,ACC00842,debit,**** **** **** 7410,06/2028,active,,
CRD0173,NBC0329,ACC00329,debit,**** **** **** 0146,09/2025,active,,
CRD0174,NBC0348,ACC00348,debit,**** **** **** 9458,05/2026,active,,
CRD0175,NBC0398,ACC01064,debit,**** **** **** 9366,10/2029,expired,,
CRD0176,NBC0538,ACC00538,credit,**** **** **** 1931,07/2025,active,10000000,8635345
CRD0177,NBC0782,ACC00782,debit,**** **** **** 0807,06/2025,active,,
CRD0178,NBC0865,ACC00865,debit,**** **** **** 4480,11/2028,active,,
CRD0179,NBC0674,ACC00674,credit,**** **** **** 8589,08/2026,active,50000000,7148395
CRD0180,NBC0943,ACC00943,prepaid,**** **** **** 2288,02/2027,active,,
CRD0181,NBC0944,ACC00944,debit,**** **** **** 8761,02/2026,active,,
CRD0182,NBC0348,ACC00348,credit,**** **** **** 8601,12/2027,active,10000000,5609856
CRD0183,NBC0991,ACC00991,credit,**** **** **** 6139,12/2029,active,100000000,92748129
CRD0184,NBC0795,ACC01010,prepaid,**** **** **** 1804,05/2029,active,,
CRD0185,NBC0407,ACC01195,credit,**** **** **** 1870,08/2026,blocked,30000000,9000409
CRD0186,NBC0217,ACC00217,credit,**** **** **** 4941,02/2025,active,15000000,2801715
CRD0187,NBC0646,ACC00646,debit,**** **** **** 2245,02/2025,active,,
CRD0188,NBC0901,ACC00901,credit,**** **** **** 6043,08/2024,active,50000000,43333837
CRD0189,NBC0530,ACC00530,debit,**** **** **** 1914,06/2025,active,,
CRD0190,NBC0854,ACC00854,debit,**** **** **** 9546,11/2025,active,,
CRD0191,NBC0172,ACC01023,debit,**** **** **** 4982,09/2027,active,,
CRD0192,NBC0011,ACC00011,debit,**** **** **** 1697,01/2025,active,,
CRD0193,NBC0644,ACC00644,prepaid,**** **** **** 9483,03/2026,blocked,,
CRD0194,NBC0874,ACC00874,credit,**** **** **** 0390,10/2026,blocked,10000000,6085973
CRD0195,NBC0672,ACC00672,debit,**** **** **** 7365,05/2028,expired,,
CRD0196,NBC0150,ACC00150,credit,**** **** **** 2901,10/2028,active,30000000,14349310
CRD0197,NBC0566,ACC00566,debit,**** **** **** 9485,06/2027,active,,
CRD0198,NBC0352,ACC00352,prepaid,**** **** **** 5283,09/2026,active,,
CRD0199,NBC0812,ACC00812,debit,**** **** **** 4842,02/2027,active,,
CRD0200,NBC0284,ACC00284,credit,**** **** **** 3866,07/2025,active,10000000,2111876
CRD0201,NBC0150,ACC00150,prepaid,**** **** **** 1481,06/2024,active,,
CRD0202,NBC0210,ACC00210,debit,**** **** **** 6052,07/2027,active,,
CRD0203,NBC0826,ACC00826,debit,**** **** **** 3518,07/2024,blocked,,
CRD0204,NBC0893,ACC00893,debit,**** **** **** 5508,01/2027,active,,
CRD0205,NBC0265,ACC00265,debit,**** **** **** 3427,11/2025,active,,
CRD0206,NBC0296,ACC00296,debit,**** **** **** 7034,10/2024,active,,
CRD0207,NBC0949,ACC00949,credit,**** **** **** 8239,01/2028,expired,75000000,31714180
CRD0208,NBC0746,ACC00746,credit,**** **** **** 8259,12/2029,active,75000000,63906985
CRD0209,NBC0510,ACC01009,credit,**** **** **** 9530,03/2025,active,75000000,70285610
CRD0210,NBC0693,ACC00693,debit,**** **** **** 2123,01/2028,active,,
CRD0211,NBC0483,ACC00483,debit,**** **** **** 8156,03/2025,active,,
CRD0212,NBC0842,ACC00842,debit,**** **** **** 2329,09/2028,active,,
CRD0213,NBC0159,ACC00159,prepaid,**** **** **** 1872,12/2025,active,,
CRD0214,NBC0909,ACC00909,credit,**** **** **** 4638,12/2029,active,30000000,8607531
CRD0215,NBC0643,ACC00643,debit,**** **** **** 6129,06/2025,active,,
CRD0216,NBC0083,ACC00083,credit,**** **** **** 3986,07/2029,active,5000000,1195727
CRD0217,NBC0638,ACC00638,debit,**** **** **** 8413,06/2026,blocked,,
CRD0218,NBC0114,ACC01134,credit,**** **** **** 6700,04/2027,active,50000000,10696374
CRD0219,NBC0081,ACC00081,credit,**** **** **** 7413,11/2026,active,75000000,17975700
CRD0220,NBC0100,ACC00100,debit,**** **** **** 1046,04/2024,active,,
CRD0221,NBC0226,ACC00226,prepaid,**** **** **** 3110,12/2028,active,,
CRD0222,NBC0680,ACC01198,credit,**** **** **** 7290,07/2025,active,10000000,9451894
CRD0223,NBC0956,ACC00956,debit,**** **** **** 7552,06/2029,active,,
CRD0224,NBC0270,ACC00270,credit,**** **** **** 6042,11/2027,active,30000000,3633367
CRD0225,NBC0621,ACC01200,debit,**** **** **** 1109,04/2027,active,,
CRD0226,NBC0865,ACC00865,debit,**** **** **** 0567,01/2028,active,,
CRD0227,NBC0350,ACC00350,debit,**** **** **** 6857,07/2028,active,,
CRD0228,NBC0517,ACC00517,debit,**** **** **** 4618,04/2024,active,,
CRD0229,NBC0077,ACC00077,prepaid,**** **** **** 5339,12/2027,blocked,,
CRD0230,NBC0283,ACC01178,debit,**** **** **** 3391,11/2024,active,,
CRD0231,NBC0858,ACC00858,credit,**** **** **** 7855,04/2027,active,15000000,12969511
CRD0232,NBC0051,ACC00051,debit,**** **** **** 5041,07/2027,active,,
CRD0233,NBC0828,ACC00828,credit,**** **** **** 6122,12/2025,active,50000000,8971566
CRD0234,NBC0580,ACC00580,debit,**** **** **** 8292,12/2027,active,,
CRD0235,NBC0912,ACC00912,debit,**** **** **** 3196,07/2024,active,,
CRD0236,NBC0860,ACC00860,prepaid,**** **** **** 3497,06/2024,active,,
CRD0237,NBC0165,ACC01129,credit,**** **** **** 3760,10/2029,blocked,15000000,8971134
CRD0238,NBC0855,ACC00855,debit,**** **** **** 0407,10/2024,active,,
CRD0239,NBC0222,ACC00222,debit,**** **** **** 9379,04/2027,active,,
CRD0240,NBC0094,ACC00094,debit,**** **** **** 7616,02/2028,active,,
CRD0241,NBC0315,ACC00315,debit,**** **** **** 6131,08/2029,blocked,,
CRD0242,NBC0056,ACC00056,debit,**** **** **** 4708,11/2028,active,,
CRD0243,NBC0135,ACC00135,credit,**** **** **** 8545,03/2029,active,50000000,32543854
CRD0244,NBC0439,ACC00439,debit,**** **** **** 3894,12/2027,active,,
CRD0245,NBC0948,ACC01088,debit,**** **** **** 3338,09/2025,active,,
CRD0246,NBC0680,ACC01198,debit,**** **** **** 0205,11/2026,active,,
CRD0247,NBC0995,ACC00995,debit,**** **** **** 2482,11/2026,active,,
CRD0248,NBC0883,ACC00883,debit,**** **** **** 7233,03/2025,blocked,,
CRD0249,NBC0322,ACC00322,debit,**** **** **** 3253,06/2028,active,,
CRD0250,NBC0164,ACC01162,debit,**** **** **** 1895,03/2025,active,,
CRD0251,NBC0411,ACC00411,debit,**** **** **** 8813,10/2028,blocked,,
CRD0252,NBC0370,ACC00370,debit,**** **** **** 5099,04/2029,blocked,,
CRD0253,NBC0194,ACC00194,debit,**** **** **** 3636,10/2027,active,,
CRD0254,NBC0648,ACC00648,credit,**** **** **** 6207,09/2025,active,100000000,43908984
CRD0255,NBC0557,ACC00557,debit,**** **** **** 1825,11/2025,active,,
CRD0256,NBC0172,ACC01023,debit,**** **** **** 7857,08/2029,blocked,,
CRD0257,NBC0344,ACC00344,debit,**** **** **** 2389,03/2025,active,,
CRD0258,NBC0890,ACC00890,debit,**** **** **** 3221,02/2025,active,,
CRD0259,NBC0446,ACC00446,prepaid,**** **** **** 6254,08/2029,active,,
CRD0260,NBC0628,ACC00628,credit,**** **** **** 8838,08/2027,expired,75000000,43548634
CRD0261,NBC0172,ACC01023,credit,**** **** **** 0863,02/2025,active,5000000,2313179
CRD0262,NBC0039,ACC00039,debit,**** **** **** 5208,02/2026,active,,
CRD0263,NBC0801,ACC00801,prepaid,**** **** **** 4757,10/2025,active,,
CRD0264,NBC0489,ACC01049,debit,**** **** **** 6080,02/2029,active,,
CRD0265,NBC0518,ACC00518,credit,**** **** **** 7246,05/2029,active,75000000,15308410
CRD0266,NBC0314,ACC01126,credit,**** **** **** 7873,10/2025,expired,5000000,4357524
CRD0267,NBC0365,ACC00365,prepaid,**** **** **** 9520,11/2025,active,,
CRD0268,NBC0048,ACC00048,debit,**** **** **** 1012,02/2029,active,,
CRD0269,NBC0175,ACC01123,credit,**** **** **** 6629,09/2026,active,15000000,11922729
CRD0270,NBC0128,ACC00128,debit,**** **** **** 1264,12/2029,active,,
CRD0271,NBC0398,ACC01064,debit,**** **** **** 0233,12/2026,active,,
CRD0272,NBC0630,ACC00630,debit,**** **** **** 6591,03/2027,active,,
CRD0273,NBC0174,ACC00174,credit,**** **** **** 9033,01/2025,active,100000000,20363517
CRD0274,NBC0712,ACC01148,debit,**** **** **** 8454,08/2026,active,,
CRD0275,NBC0838,ACC00838,debit,**** **** **** 6077,05/2028,active,,
CRD0276,NBC0130,ACC00130,debit,**** **** **** 0766,02/2027,active,,
CRD0277,NBC0655,ACC00655,prepaid,**** **** **** 8731,06/2025,active,,
CRD0278,NBC0070,ACC00070,debit,**** **** **** 2283,03/2028,active,,
CRD0279,NBC0906,ACC00906,credit,**** **** **** 2079,03/2026,blocked,15000000,13650227
CRD0280,NBC0042,ACC01015,credit,**** **** **** 1983,02/2026,active,20000000,17514031
CRD0281,NBC0318,ACC00318,debit,**** **** **** 1682,05/2024,active,,
CRD0282,NBC0497,ACC00497,debit,**** **** **** 5080,04/2025,active,,
CRD0283,NBC0957,ACC00957,prepaid,**** **** **** 9132,10/2026,active,,
CRD0284,NBC0736,ACC00736,credit,**** **** **** 3608,05/2024,active,30000000,1024393
CRD0285,NBC0943,ACC01114,debit,**** **** **** 5458,10/2029,active,,
CRD0286,NBC0179,ACC00179,credit,**** **** **** 0531,12/2025,blocked,30000000,8057727
CRD0287,NBC0119,ACC00119,credit,**** **** **** 7100,03/2027,active,10000000,6351064
CRD0288,NBC0871,ACC01119,debit,**** **** **** 4946,11/2028,active,,
CRD0289,NBC0686,ACC00686,prepaid,**** **** **** 9452,08/2028,active,,
CRD0290,NBC0988,ACC00988,debit,**** **** **** 9367,02/2024,active,,
CRD0291,NBC0126,ACC00126,prepaid,**** **** **** 8150,05/2024,active,,
CRD0292,NBC0218,ACC00218,prepaid,**** **** **** 3162,06/2028,expired,,
CRD0293,NBC0234,ACC00234,debit,**** **** **** 9832,02/2027,active,,
CRD0294,NBC0849,ACC00849,debit,**** **** **** 5773,11/2028,blocked,,
CRD0295,NBC0567,ACC00567,prepaid,**** **** **** 6244,09/2028,expired,,
CRD0296,NBC0427,ACC00427,credit,**** **** **** 4999,11/2029,active,30000000,19156510
CRD0297,NBC0618,ACC01006,debit,**** **** **** 1899,01/2025,active,,
CRD0298,NBC0114,ACC01134,credit,**** **** **** 5036,02/2025,active,5000000,3900800
CRD0299,NBC0530,ACC00530,debit,**** **** **** 9576,08/2025,active,,
CRD0300,NBC0709,ACC00709,debit,**** **** **** 6108,09/2029,active,,
CRD0301,NBC0794,ACC00794,credit,**** **** **** 8512,06/2026,active,15000000,3360166
CRD0302,NBC0861,ACC00861,credit,**** **** **** 7628,04/2029,active,75000000,59791526
CRD0303,NBC0996,ACC00996,credit,**** **** **** 9019,03/2024,active,30000000,28142010
CRD0304,NBC0414,ACC00414,debit,**** **** **** 2288,10/2028,active,,
CRD0305,NBC0096,ACC00096,credit,**** **** **** 0021,08/2025,active,15000000,3212179
CRD0306,NBC0740,ACC00740,debit,**** **** **** 2944,01/2024,active,,
CRD0307,NBC0179,ACC00179,debit,**** **** **** 3476,02/2029,blocked,,
CRD0308,NBC0674,ACC00674,credit,**** **** **** 1999,04/2029,active,50000000,17267211
CRD0309,NBC0996,ACC00996,debit,**** **** **** 6780,03/2026,active,,
CRD0310,NBC0889,ACC00889,credit,**** **** **** 5782,01/2026,active,100000000,64514530
CRD0311,NBC0067,ACC00067,credit,**** **** **** 8065,10/2025,active,30000000,1961212
CRD0312,NBC0439,ACC00439,debit,**** **** **** 8313,08/2029,active,,
CRD0313,NBC0614,ACC00614,debit,**** **** **** 3335,03/2024,active,,
CRD0314,NBC0201,ACC00201,debit,**** **** **** 1286,03/2025,active,,
CRD0315,NBC0621,ACC00621,debit,**** **** **** 9526,03/2025,active,,
CRD0316,NBC0549,ACC00549,credit,**** **** **** 5853,08/2029,active,50000000,38027963
CRD0317,NBC0357,ACC00357,credit,**** **** **** 6056,03/2029,active,10000000,7177662
CRD0318,NBC0127,ACC01011,debit,**** **** **** 9472,09/2027,active,,
CRD0319,NBC0211,ACC00211,debit,**** **** **** 3900,06/2028,active,,
CRD0320,NBC0001,ACC01104,debit,**** **** **** 5162,01/2026,active,,
CRD0321,NBC0386,ACC00386,debit,**** **** **** 9091,04/2027,active,,
CRD0322,NBC0867,ACC00867,prepaid,**** **** **** 7182,08/2027,blocked,,
CRD0323,NBC0677,ACC00677,prepaid,**** **** **** 6361,12/2028,expired,,
CRD0324,NBC0923,ACC00923,debit,**** **** **** 4706,02/2024,active,,
CRD0325,NBC0333,ACC00333,debit,**** **** **** 3391,04/2028,active,,
CRD0326,NBC0409,ACC00409,debit,**** **** **** 9441,09/2025,active,,
CRD0327,NBC0779,ACC01144,debit,**** **** **** 1550,04/2029,active,,
CRD0328,NBC0736,ACC00736,debit,**** **** **** 8667,03/2024,active,,
CRD0329,NBC0665,ACC00665,debit,**** **** **** 2628,08/2024,active,,
CRD0330,NBC0956,ACC00956,debit,**** **** **** 4473,04/2028,active,,
CRD0331,NBC0485,ACC00485,debit,**** **** **** 2457,01/2024,active,,
CRD0332,NBC0596,ACC00596,debit,**** **** **** 5779,11/2025,active,,
CRD0333,NBC0121,ACC00121,debit,**** **** **** 5298,05/2024,active,,
CRD0334,NBC0476,ACC00476,credit,**** **** **** 9839,05/2028,active,15000000,12886951
CRD0335,NBC0823,ACC00823,debit,**** **** **** 8775,02/2028,blocked,,
CRD0336,NBC0877,ACC00877,prepaid,**** **** **** 1905,10/2029,active,,
CRD0337,NBC0560,ACC00560,prepaid,**** **** **** 1985,12/2025,active,,
CRD0338,NBC0397,ACC00397,debit,**** **** **** 2261,08/2024,active,,
CRD0339,NBC0907,ACC00907,debit,**** **** **** 9414,08/2024,active,,
CRD0340,NBC0012,ACC00012,credit,**** **** **** 8316,05/2025,active,100000000,21348667
CRD0341,NBC0165,ACC01129,credit,**** **** **** 4422,03/2027,active,50000000,31843284
CRD0342,NBC0856,ACC00856,prepaid,**** **** **** 8067,10/2027,blocked,,
CRD0343,NBC0092,ACC00092,credit,**** **** **** 3907,03/2029,active,15000000,2138462
CRD0344,NBC0685,ACC00685,credit,**** **** **** 8832,08/2024,active,30000000,1566656
CRD0345,NBC0356,ACC00356,debit,**** **** **** 2996,03/2029,active,,
CRD0346,NBC0174,ACC00174,credit,**** **** **** 4552,07/2029,active,50000000,33561244
CRD0347,NBC0987,ACC01197,debit,**** **** **** 6739,02/2028,active,,
CRD0348,NBC0943,ACC00943,debit,**** **** **** 3445,05/2025,active,,
CRD0349,NBC0135,ACC00135,credit,**** **** **** 6192,08/2028,blocked,30000000,15461962
CRD0350,NBC0641,ACC00641,debit,**** **** **** 8209,12/2029,active,,
CRD0351,NBC0080,ACC00080,debit,**** **** **** 4561,05/2026,blocked,,
CRD0352,NBC0431,ACC00431,prepaid,**** **** **** 9591,04/2028,blocked,,
CRD0353,NBC0165,ACC01129,debit,**** **** **** 8977,10/2026,active,,
CRD0354,NBC0359,ACC00359,debit,**** **** **** 7177,01/2024,active,,
CRD0355,NBC0314,ACC01126,debit,**** **** **** 2247,10/2026,active,,
CRD0356,NBC0380,ACC00380,prepaid,**** **** **** 2255,08/2027,expired,,
CRD0357,NBC0283,ACC01178,credit,**** **** **** 5254,08/2029,active,20000000,1484320
CRD0358,NBC0149,ACC01056,credit,**** **** **** 3764,05/2026,expired,15000000,13217149
CRD0359,NBC0216,ACC00216,debit,**** **** **** 1382,03/2026,active,,
CRD0360,NBC0486,ACC00486,debit,**** **** **** 3936,12/2029,active,,
CRD0361,NBC0036,ACC00036,credit,**** **** **** 3174,02/2027,active,20000000,7877717
CRD0362,NBC0624,ACC00624,debit,**** **** **** 1160,06/2026,active,,
CRD0363,NBC0785,ACC01098,debit,**** **** **** 4410,10/2029,blocked,,
CRD0364,NBC0658,ACC01153,debit,**** **** **** 1674,04/2025,active,,
CRD0365,NBC0497,ACC00497,debit,**** **** **** 4525,04/2025,active,,
CRD0366,NBC0666,ACC00666,credit,**** **** **** 5713,08/2029,active,75000000,5564721
CRD0367,NBC0936,ACC01077,debit,**** **** **** 2873,08/2025,active,,
CRD0368,NBC0740,ACC00740,debit,**** **** **** 5975,04/2024,active,,
CRD0369,NBC0644,ACC00644,debit,**** **** **** 4546,04/2026,active,,
CRD0370,NBC0611,ACC00611,debit,**** **** **** 4856,01/2029,active,,
CRD0371,NBC0954,ACC00954,debit,**** **** **** 4863,03/2028,active,,
CRD0372,NBC0619,ACC00619,debit,**** **** **** 2087,02/2027,active,,
CRD0373,NBC0876,ACC00876,debit,**** **** **** 6096,01/2026,expired,,
CRD0374,NBC0806,ACC00806,debit,**** **** **** 9347,08/2029,active,,
CRD0375,NBC0754,ACC00754,prepaid,**** **** **** 6486,02/2029,expired,,
CRD0376,NBC0173,ACC00173,prepaid,**** **** **** 2846,12/2029,expired,,
CRD0377,NBC0054,ACC00054,debit,**** **** **** 8889,04/2026,active,,
CRD0378,NBC0160,ACC00160,credit,**** **** **** 7976,03/2025,active,10000000,7252532
CRD0379,NBC0572,ACC01106,debit,**** **** **** 7816,07/2024,active,,
CRD0380,NBC0538,ACC00538,prepaid,**** **** **** 2141,07/2024,blocked,,
CRD0381,NBC0314,ACC01126,debit,**** **** **** 9274,12/2028,blocked,,
CRD0382,NBC0649,ACC00649,credit,**** **** **** 8609,04/2025,blocked,75000000,56550240
CRD0383,NBC0142,ACC00142,debit,**** **** **** 0766,05/2028,blocked,,
CRD0384,NBC0726,ACC00726,debit,**** **** **** 3648,08/2024,blocked,,
CRD0385,NBC0741,ACC00741,debit,**** **** **** 0934,05/2025,active,,
CRD0386,NBC0238,ACC01142,debit,**** **** **** 6288,06/2027,expired,,
CRD0387,NBC0128,ACC00128,debit,**** **** **** 2200,03/2024,active,,
CRD0388,NBC0411,ACC00411,credit,**** **** **** 9543,12/2027,active,10000000,4476839
CRD0389,NBC0611,ACC00611,credit,**** **** **** 2803,08/2029,active,20000000,16511416
CRD0390,NBC0532,ACC00532,credit,**** **** **** 1644,11/2029,active,15000000,9849600
CRD0391,NBC0995,ACC00995,credit,**** **** **** 3866,02/2028,active,20000000,613835
CRD0392,NBC0593,ACC00593,credit,**** **** **** 3988,12/2024,active,10000000,9215164
CRD0393,NBC0086,ACC00086,debit,**** **** **** 2079,11/2025,active,,
CRD0394,NBC0843,ACC00843,debit,**** **** **** 9574,12/2024,active,,
CRD0395,NBC0892,ACC00892,debit,**** **** **** 8208,05/2026,expired,,
CRD0396,NBC0281,ACC00281,debit,**** **** **** 6985,09/2029,blocked,,
CRD0397,NBC0782,ACC01066,debit,**** **** **** 4067,06/2027,blocked,,
CRD0398,NBC0794,ACC00794,debit,**** **** **** 1981,12/2026,active,,
CRD0399,NBC0728,ACC01110,credit,**** **** **** 3771,08/2027,blocked,100000000,6177143
CRD0400,NBC0243,ACC01170,debit,**** **** **** 8711,12/2025,expired,,
CRD0401,NBC0718,ACC00718,debit,**** **** **** 1339,12/2027,active,,
CRD0402,NBC0220,ACC00220,prepaid,**** **** **** 4470,11/2024,active,,
CRD0403,NBC0291,ACC00291,debit,**** **** **** 7989,05/2029,active,,
CRD0404,NBC0529,ACC00529,prepaid,**** **** **** 4926,09/2029,active,,
CRD0405,NBC0088,ACC00088,debit,**** **** **** 6697,03/2029,active,,
CRD0406,NBC0544,ACC00544,credit,**** **** **** 7893,02/2024,active,15000000,6118216
CRD0407,NBC0372,ACC00372,debit,**** **** **** 9056,01/2029,active,,
CRD0408,NBC0638,ACC01166,credit,**** **** **** 6532,04/2024,active,20000000,7480784
CRD0409,NBC0378,ACC00378,debit,**** **** **** 5995,06/2029,active,,
CRD0410,NBC0930,ACC00930,debit,**** **** **** 0656,06/2027,active,,
CRD0411,NBC0782,ACC01066,prepaid,**** **** **** 1044,07/2029,active,,
CRD0412,NBC0033,ACC01169,credit,**** **** **** 0863,04/2026,blocked,75000000,10452334
CRD0413,NBC0720,ACC00720,debit,**** **** **** 3567,09/2025,active,,
CRD0414,NBC0555,ACC00555,debit,**** **** **** 3380,06/2025,active,,
CRD0415,NBC0276,ACC00276,debit,**** **** **** 7459,03/2024,active,,
CRD0416,NBC0986,ACC00986,debit,**** **** **** 3242,07/2029,active,,
CRD0417,NBC0472,ACC01183,debit,**** **** **** 9668,03/2029,active,,
CRD0418,NBC0175,ACC01123,debit,**** **** **** 3156,06/2028,active,,
CRD0419,NBC0765,ACC00765,debit,**** **** **** 9641,02/2028,active,,
CRD0420,NBC0642,ACC00642,credit,**** **** **** 6725,03/2027,active,50000000,36769154
CRD0421,NBC0756,ACC00756,debit,**** **** **** 7524,06/2029,active,,
CRD0422,NBC0621,ACC00621,debit,**** **** **** 6149,10/2025,active,,
CRD0423,NBC0955,ACC00955,debit,**** **** **** 2397,03/2027,active,,
CRD0424,NBC0623,ACC00623,debit,**** **** **** 2004,02/2024,blocked,,
CRD0425,NBC0919,ACC00919,prepaid,**** **** **** 3784,05/2024,active,,
CRD0426,NBC0760,ACC00760,debit,**** **** **** 4982,12/2028,active,,
CRD0427,NBC0224,ACC00224,debit,**** **** **** 0734,12/2026,active,,
CRD0428,NBC0607,ACC01168,prepaid,**** **** **** 2742,04/2027,active,,
CRD0429,NBC0982,ACC01070,debit,**** **** **** 4501,02/2028,active,,
CRD0430,NBC0263,ACC00263,credit,**** **** **** 4948,02/2025,active,10000000,8028542
CRD0431,NBC0390,ACC00390,debit,**** **** **** 4458,04/2028,active,,
CRD0432,NBC0490,ACC01177,debit,**** **** **** 3848,05/2028,expired,,
CRD0433,NBC0508,ACC00508,debit,**** **** **** 6275,11/2024,active,,
CRD0434,NBC0451,ACC00451,prepaid,**** **** **** 1179,09/2025,blocked,,
CRD0435,NBC0184,ACC00184,debit,**** **** **** 9041,02/2028,active,,
CRD0436,NBC0666,ACC00666,debit,**** **** **** 9296,05/2027,blocked,,
CRD0437,NBC0171,ACC00171,credit,**** **** **** 8508,03/2024,active,5000000,275694
CRD0438,NBC0330,ACC00330,debit,**** **** **** 3170,09/2025,active,,
CRD0439,NBC0947,ACC00947,debit,**** **** **** 9322,11/2025,active,,
CRD0440,NBC0670,ACC00670,credit,**** **** **** 2377,07/2024,expired,5000000,4063952
CRD0441,NBC0888,ACC01080,credit,**** **** **** 7789,03/2026,active,20000000,4308720
CRD0442,NBC0056,ACC00056,debit,**** **** **** 5021,09/2024,expired,,
CRD0443,NBC0181,ACC00181,debit,**** **** **** 2182,01/2028,active,,
CRD0444,NBC0019,ACC00019,debit,**** **** **** 1257,09/2028,expired,,
CRD0445,NBC0606,ACC01040,debit,**** **** **** 1840,07/2026,active,,
CRD0446,NBC0170,ACC00170,credit,**** **** **** 6336,06/2029,active,30000000,14902135
CRD0447,NBC0945,ACC00945,debit,**** **** **** 9660,11/2027,active,,
CRD0448,NBC0704,ACC00704,credit,**** **** **** 6066,10/2028,active,20000000,9891705
CRD0449,NBC0352,ACC00352,credit,**** **** **** 1651,03/2027,active,75000000,8113291
CRD0450,NBC0968,ACC00968,debit,**** **** **** 5402,02/2024,active,,
CRD0451,NBC0846,ACC00846,credit,**** **** **** 2321,12/2029,active,15000000,4985522
CRD0452,NBC0725,ACC00725,debit,**** **** **** 0591,06/2026,blocked,,
CRD0453,NBC0192,ACC01125,debit,**** **** **** 8974,06/2029,active,,
CRD0454,NBC0782,ACC00782,debit,**** **** **** 8355,09/2027,blocked,,
CRD0455,NBC0606,ACC01040,prepaid,**** **** **** 3911,06/2025,active,,
CRD0456,NBC0666,ACC00666,debit,**** **** **** 2627,01/2028,active,,
CRD0457,NBC0398,ACC01064,credit,**** **** **** 4393,06/2027,active,100000000,33976596
CRD0458,NBC0028,ACC00028,debit,**** **** **** 1879,10/2029,active,,
CRD0459,NBC0093,ACC00093,debit,**** **** **** 7716,09/2025,active,,
CRD0460,NBC0836,ACC01003,debit,**** **** **** 4386,04/2024,active,,
CRD0461,NBC0164,ACC01162,debit,**** **** **** 1985,08/2028,active,,
CRD0462,NBC0942,ACC00942,credit,**** **** **** 6135,10/2025,active,5000000,2056261
CRD0463,NBC0680,ACC00680,debit,**** **** **** 8960,12/2027,active,,
CRD0464,NBC0256,ACC00256,debit,**** **** **** 0401,09/2024,active,,
CRD0465,NBC0749,ACC00749,credit,**** **** **** 1474,09/2027,active,50000000,40079006
CRD0466,NBC0727,ACC00727,debit,**** **** **** 0645,01/2029,active,,
CRD0467,NBC0561,ACC00561,debit,**** **** **** 8663,05/2024,active,,
CRD0468,NBC0400,ACC01190,debit,**** **** **** 6619,07/2025,active,,
CRD0469,NBC0954,ACC00954,debit,**** **** **** 6135,09/2026,active,,
CRD0470,NBC0697,ACC00697,debit,**** **** **** 9902,01/2026,active,,
CRD0471,NBC0916,ACC00916,debit,**** **** **** 7613,05/2025,active,,
CRD0472,NBC0956,ACC01185,debit,**** **** **** 6361,04/2027,active,,
CRD0473,NBC0446,ACC00446,debit,**** **** **** 4082,12/2028,active,,
CRD0474,NBC0593,ACC00593,debit,**** **** **** 9496,07/2025,active,,
CRD0475,NBC0825,ACC01145,debit,**** **** **** 4090,12/2025,active,,
CRD0476,NBC0577,ACC00577,credit,**** **** **** 3843,05/2026,active,20000000,17677529
CRD0477,NBC0513,ACC00513,debit,**** **** **** 5698,11/2026,blocked,,
CRD0478,NBC0117,ACC00117,debit,**** **** **** 3216,10/2028,active,,
CRD0479,NBC0352,ACC00352,debit,**** **** **** 4052,05/2028,active,,
CRD0480,NBC0793,ACC00793,credit,**** **** **** 5004,03/2028,blocked,20000000,6870468
CRD0481,NBC0744,ACC00744,credit,**** **** **** 5931,03/2027,active,50000000,14589766
CRD0482,NBC0863,ACC00863,debit,**** **** **** 3470,01/2026,active,,
CRD0483,NBC0428,ACC00428,credit,**** **** **** 0745,01/2029,expired,75000000,35651447
CRD0484,NBC0324,ACC00324,debit,**** **** **** 4992,11/2029,blocked,,
CRD0485,NBC0089,ACC00089,debit,**** **** **** 0614,10/2026,expired,,
CRD0486,NBC0351,ACC00351,debit,**** **** **** 1477,06/2025,active,,
CRD0487,NBC0440,ACC00440,debit,**** **** **** 8270,01/2024,active,,
CRD0488,NBC0248,ACC00248,prepaid,**** **** **** 7713,01/2029,blocked,,
CRD0489,NBC0708,ACC00708,debit,**** **** **** 6651,08/2025,active,,
CRD0490,NBC0975,ACC00975,debit,**** **** **** 5355,12/2029,active,,
CRD0491,NBC0199,ACC00199,debit,**** **** **** 3060,05/2026,active,,
CRD0492,NBC0892,ACC00892,debit,**** **** **** 0507,08/2024,active,,
CRD0493,NBC0709,ACC00709,prepaid,**** **** **** 9307,12/2027,active,,
CRD0494,NBC0094,ACC00094,debit,**** **** **** 9321,02/2028,active,,
CRD0495,NBC0289,ACC00289,debit,**** **** **** 2571,06/2024,active,,
CRD0496,NBC0362,ACC00362,credit,**** **** **** 3290,03/2026,active,10000000,3161721
CRD0497,NBC0866,ACC00866,prepaid,**** **** **** 9623,07/2028,active,,
CRD0498,NBC0208,ACC00208,debit,**** **** **** 3022,05/2029,active,,
CRD0499,NBC0352,ACC00352,debit,**** **** **** 4858,03/2027,active,,
CRD0500,NBC0937,ACC00937,credit,**** **** **** 6400,08/2025,active,100000000,79195094
CRD0501,NBC0956,ACC01185,debit,**** **** **** 4474,05/2028,active,,
CRD0502,NBC0693,ACC00693,debit,**** **** **** 4033,01/2026,active,,
CRD0503,NBC0025,ACC00025,prepaid,**** **** **** 9893,03/2024,blocked,,
CRD0504,NBC0955,ACC00955,debit,**** **** **** 6962,11/2024,active,,
CRD0505,NBC0222,ACC00222,debit,**** **** **** 1028,02/2029,active,,
CRD0506,NBC0597,ACC00597,debit,**** **** **** 0248,07/2028,active,,
CRD0507,NBC0126,ACC00126,credit,**** **** **** 8534,11/2024,active,75000000,32668763
CRD0508,NBC0138,ACC00138,prepaid,**** **** **** 3525,09/2025,active,,
CRD0509,NBC0272,ACC00272,debit,**** **** **** 9651,11/2024,active,,
CRD0510,NBC0238,ACC00238,credit,**** **** **** 3270,09/2027,blocked,20000000,15616693
CRD0511,NBC0938,ACC00938,debit,**** **** **** 0539,11/2027,active,,
CRD0512,NBC0582,ACC00582,debit,**** **** **** 0059,07/2025,active,,
CRD0513,NBC0489,ACC01049,debit,**** **** **** 4719,04/2028,expired,,
CRD0514,NBC0697,ACC00697,credit,**** **** **** 6773,07/2029,active,50000000,32306001
CRD0515,NBC0366,ACC00366,debit,**** **** **** 6587,03/2025,active,,
CRD0516,NBC0813,ACC00813,debit,**** **** **** 0696,11/2028,active,,
CRD0517,NBC0782,ACC01066,debit,**** **** **** 2636,10/2024,expired,,
CRD0518,NBC0425,ACC00425,debit,**** **** **** 9136,06/2026,active,,
CRD0519,NBC0453,ACC00453,credit,**** **** **** 7443,05/2028,active,75000000,35965217
CRD0520,NBC0956,ACC01185,debit,**** **** **** 9362,10/2029,blocked,,
CRD0521,NBC0283,ACC00283,debit,**** **** **** 6915,05/2024,active,,
CRD0522,NBC0618,ACC01006,credit,**** **** **** 5826,08/2027,active,15000000,12451608
CRD0523,NBC0378,ACC01050,debit,**** **** **** 3062,03/2028,active,,
CRD0524,NBC0860,ACC00860,credit,**** **** **** 4955,10/2029,active,100000000,47679148
CRD0525,NBC0636,ACC00636,debit,**** **** **** 9685,03/2026,blocked,,
CRD0526,NBC0285,ACC00285,debit,**** **** **** 4805,01/2028,active,,
CRD0527,NBC0352,ACC00352,credit,**** **** **** 0873,11/2024,active,10000000,8616023
CRD0528,NBC0360,ACC00360,prepaid,**** **** **** 5580,09/2024,active,,
CRD0529,NBC0956,ACC01185,debit,**** **** **** 0245,11/2025,active,,
CRD0530,NBC0207,ACC01012,debit,**** **** **** 3394,07/2027,blocked,,
CRD0531,NBC0176,ACC00176,credit,**** **** **** 1753,05/2026,active,5000000,256980
CRD0532,NBC0618,ACC01006,debit,**** **** **** 6616,02/2024,active,,
CRD0533,NBC0823,ACC00823,debit,**** **** **** 3202,02/2029,active,,
CRD0534,NBC0916,ACC00916,debit,**** **** **** 2435,08/2026,active,,
CRD0535,NBC0805,ACC00805,credit,**** **** **** 9654,06/2027,blocked,20000000,17265484
CRD0536,NBC0761,ACC00761,debit,**** **** **** 3530,06/2027,active,,
CRD0537,NBC0977,ACC00977,credit,**** **** **** 8821,10/2025,active,100000000,60170152
CRD0538,NBC0284,ACC00284,debit,**** **** **** 6827,03/2024,active,,
CRD0539,NBC0841,ACC00841,credit,**** **** **** 2884,10/2029,active,30000000,766903
CRD0540,NBC0522,ACC00522,debit,**** **** **** 6056,04/2028,active,,
CRD0541,NBC0140,ACC00140,debit,**** **** **** 2749,06/2024,active,,
CRD0542,NBC0645,ACC00645,debit,**** **** **** 3030,05/2028,blocked,,
CRD0543,NBC0326,ACC00326,debit,**** **** **** 5302,06/2026,blocked,,
CRD0544,NBC0558,ACC00558,debit,**** **** **** 6650,10/2029,active,,
CRD0545,NBC0969,ACC00969,prepaid,**** **** **** 6262,06/2029,active,,
CRD0546,NBC0520,ACC00520,prepaid,**** **** **** 1532,12/2029,active,,
CRD0547,NBC0488,ACC00488,credit,**** **** **** 2125,02/2024,blocked,75000000,16831117
CRD0548,NBC0421,ACC00421,credit,**** **** **** 3470,10/2029,active,20000000,6894862
CRD0549,NBC0948,ACC01088,debit,**** **** **** 8485,04/2027,active,,
CRD0550,NBC0323,ACC00323,debit,**** **** **** 4152,09/2026,active,,
CRD0551,NBC0493,ACC00493,debit,**** **** **** 1260,07/2025,active,,
CRD0552,NBC0222,ACC00222,debit,**** **** **** 9586,08/2024,active,,
CRD0553,NBC0126,ACC00126,debit,**** **** **** 5015,01/2024,active,,
CRD0554,NBC0067,ACC00067,debit,**** **** **** 7689,06/2026,blocked,,
CRD0555,NBC0790,ACC00790,debit,**** **** **** 0390,06/2024,active,,
CRD0556,NBC0610,ACC00610,debit,**** **** **** 1226,12/2029,active,,
CRD0557,NBC0990,ACC00990,credit,**** **** **** 1304,01/2028,active,30000000,14364457
CRD0558,NBC0936,ACC00936,debit,**** **** **** 2277,06/2028,active,,
CRD0559,NBC0119,ACC00119,credit,**** **** **** 7901,05/2024,blocked,30000000,4688361
CRD0560,NBC0411,ACC00411,credit,**** **** **** 7498,09/2024,active,50000000,5484279
CRD0561,NBC0579,ACC00579,debit,**** **** **** 4183,01/2026,active,,
CRD0562,NBC0513,ACC00513,debit,**** **** **** 6601,06/2024,active,,
CRD0563,NBC0967,ACC00967,prepaid,**** **** **** 3836,01/2024,active,,
CRD0564,NBC0949,ACC00949,debit,**** **** **** 1020,12/2029,blocked,,
CRD0565,NBC0808,ACC00808,credit,**** **** **** 3313,02/2024,active,30000000,17849439
CRD0566,NBC0985,ACC00985,credit,**** **** **** 3031,03/2029,active,30000000,8400862
CRD0567,NBC0581,ACC00581,debit,**** **** **** 5095,06/2025,expired,,
CRD0568,NBC0352,ACC00352,credit,**** **** **** 5913,06/2024,active,20000000,9611637
CRD0569,NBC0643,ACC00643,debit,**** **** **** 6222,08/2026,active,,
CRD0570,NBC0974,ACC01188,credit,**** **** **** 1497,07/2025,active,50000000,20289662
CRD0571,NBC0370,ACC00370,prepaid,**** **** **** 7194,07/2027,active,,
CRD0572,NBC0830,ACC00830,credit,**** **** **** 6884,01/2027,active,5000000,4306666
CRD0573,NBC0218,ACC00218,debit,**** **** **** 5010,09/2027,active,,
CRD0574,NBC0851,ACC01194,debit,**** **** **** 9935,04/2029,blocked,,
CRD0575,NBC0398,ACC01064,debit,**** **** **** 1673,05/2028,active,,
CRD0576,NBC0593,ACC01034,debit,**** **** **** 6355,01/2028,active,,
CRD0577,NBC0483,ACC00483,credit,**** **** **** 4451,05/2027,blocked,75000000,52795981
CRD0578,NBC0388,ACC00388,debit,**** **** **** 4648,10/2024,active,,
CRD0579,NBC0635,ACC00635,credit,**** **** **** 6364,08/2024,active,100000000,15296039
CRD0580,NBC0170,ACC00170,credit,**** **** **** 2334,08/2024,active,30000000,24570821
CRD0581,NBC0993,ACC00993,debit,**** **** **** 1267,03/2029,active,,
CRD0582,NBC0450,ACC00450,debit,**** **** **** 3982,05/2024,active,,
CRD0583,NBC0127,ACC01011,debit,**** **** **** 2518,10/2026,blocked,,
CRD0584,NBC0167,ACC00167,debit,**** **** **** 7509,08/2029,active,,
CRD0585,NBC0601,ACC00601,debit,**** **** **** 9265,05/2024,blocked,,
CRD0586,NBC0171,ACC00171,credit,**** **** **** 1961,02/2029,blocked,100000000,4488886
CRD0587,NBC0074,ACC00074,debit,**** **** **** 8815,02/2025,active,,
CRD0588,NBC0741,ACC00741,debit,**** **** **** 0087,02/2025,active,,
CRD0589,NBC0640,ACC00640,debit,**** **** **** 0676,09/2028,blocked,,
CRD0590,NBC0408,ACC01156,debit,**** **** **** 1442,09/2026,blocked,,
CRD0591,NBC0251,ACC00251,prepaid,**** **** **** 6071,09/2029,active,,
CRD0592,NBC0160,ACC00160,debit,**** **** **** 9506,09/2029,active,,
CRD0593,NBC0461,ACC00461,debit,**** **** **** 2811,08/2024,active,,
CRD0594,NBC0214,ACC00214,debit,**** **** **** 2033,04/2029,active,,
CRD0595,NBC0326,ACC00326,prepaid,**** **** **** 7844,08/2029,active,,
CRD0596,NBC0997,ACC00997,debit,**** **** **** 4859,04/2026,active,,
CRD0597,NBC0635,ACC00635,debit,**** **** **** 1009,06/2024,active,,
CRD0598,NBC0578,ACC00578,debit,**** **** **** 2248,03/2024,active,,
CRD0599,NBC0234,ACC00234,prepaid,**** **** **** 9809,03/2025,active,,
CRD0600,NBC0719,ACC00719,credit,**** **** **** 7140,06/2026,active,10000000,1020139
CRD0601,NBC0188,ACC00188,debit,**** **** **** 6195,03/2028,expired,,
CRD0602,NBC0764,ACC00764,debit,**** **** **** 1313,08/2028,active,,
CRD0603,NBC0102,ACC00102,credit,**** **** **** 4092,12/2025,active,10000000,1844679
CRD0604,NBC0693,ACC00693,prepaid,**** **** **** 2060,08/2027,active,,
CRD0605,NBC0076,ACC00076,prepaid,**** **** **** 2012,04/2026,active,,
CRD0606,NBC0618,ACC00618,debit,**** **** **** 5830,06/2029,active,,
CRD0607,NBC0463,ACC01115,debit,**** **** **** 2278,02/2029,active,,
CRD0608,NBC0661,ACC00661,debit,**** **** **** 3122,10/2029,active,,
CRD0609,NBC0731,ACC00731,debit,**** **** **** 6986,06/2025,active,,
CRD0610,NBC0924,ACC00924,credit,**** **** **** 5227,09/2029,expired,10000000,7012896
CRD0611,NBC0206,ACC01130,credit,**** **** **** 4141,09/2024,active,50000000,8593633
CRD0612,NBC0526,ACC00526,debit,**** **** **** 2206,09/2028,blocked,,
CRD0613,NBC0399,ACC00399,credit,**** **** **** 2821,10/2027,active,15000000,7205154
CRD0614,NBC0068,ACC00068,debit,**** **** **** 3324,06/2024,blocked,,
CRD0615,NBC0504,ACC00504,debit,**** **** **** 3695,02/2027,blocked,,
CRD0616,NBC0621,ACC01200,credit,**** **** **** 3034,04/2028,active,30000000,2528968
CRD0617,NBC0061,ACC00061,credit,**** **** **** 5696,11/2026,active,30000000,28390549
CRD0618,NBC0238,ACC00238,debit,**** **** **** 5251,02/2029,blocked,,
CRD0619,NBC0298,ACC00298,debit,**** **** **** 2842,03/2028,active,,
CRD0620,NBC0524,ACC00524,credit,**** **** **** 3939,02/2028,active,5000000,2628000
CRD0621,NBC0532,ACC00532,credit,**** **** **** 7206,12/2028,active,50000000,40207865
CRD0622,NBC0713,ACC00713,debit,**** **** **** 0592,04/2029,active,,
CRD0623,NBC0739,ACC00739,prepaid,**** **** **** 1460,01/2027,blocked,,
CRD0624,NBC0994,ACC00994,credit,**** **** **** 4537,09/2028,active,75000000,50045756
CRD0625,NBC0841,ACC00841,debit,**** **** **** 4877,08/2029,active,,
CRD0626,NBC0087,ACC00087,debit,**** **** **** 6572,06/2028,active,,
CRD0627,NBC0609,ACC00609,debit,**** **** **** 7628,10/2025,active,,
CRD0628,NBC0956,ACC00956,prepaid,**** **** **** 5400,03/2029,active,,
CRD0629,NBC0315,ACC00315,debit,**** **** **** 7700,03/2028,active,,
CRD0630,NBC0487,ACC00487,debit,**** **** **** 9434,01/2024,expired,,
CRD0631,NBC0707,ACC00707,credit,**** **** **** 1264,09/2028,active,75000000,45628995
CRD0632,NBC0538,ACC00538,debit,**** **** **** 7109,07/2025,active,,
CRD0633,NBC0669,ACC00669,debit,**** **** **** 8899,09/2026,active,,
CRD0634,NBC0004,ACC00004,debit,**** **** **** 2574,01/2026,blocked,,
CRD0635,NBC0270,ACC00270,debit,**** **** **** 7902,11/2025,blocked,,
CRD0636,NBC0633,ACC00633,credit,**** **** **** 6113,09/2024,active,30000000,23429735
CRD0637,NBC0396,ACC00396,debit,**** **** **** 8702,06/2029,active,,
CRD0638,NBC0711,ACC00711,debit,**** **** **** 7693,12/2024,active,,
CRD0639,NBC0866,ACC00866,credit,**** **** **** 7706,12/2029,active,10000000,7215574
CRD0640,NBC0673,ACC00673,credit,**** **** **** 7187,01/2027,active,100000000,27972176
CRD0641,NBC0571,ACC00571,prepaid,**** **** **** 8625,08/2024,active,,
CRD0642,NBC0316,ACC01165,credit,**** **** **** 2167,08/2024,active,5000000,4112027
CRD0643,NBC0702,ACC00702,debit,**** **** **** 1953,11/2025,active,,
CRD0644,NBC0192,ACC01125,prepaid,**** **** **** 0980,02/2024,active,,
CRD0645,NBC0508,ACC00508,debit,**** **** **** 2757,12/2024,active,,
CRD0646,NBC0495,ACC00495,debit,**** **** **** 2437,06/2028,active,,
CRD0647,NBC0358,ACC00358,debit,**** **** **** 8655,05/2027,active,,
CRD0648,NBC0888,ACC01080,prepaid,**** **** **** 7467,04/2024,active,,
CRD0649,NBC0559,ACC00559,debit,**** **** **** 3402,01/2026,active,,
CRD0650,NBC0896,ACC00896,debit,**** **** **** 0244,10/2025,active,,
CRD0651,NBC0321,ACC00321,credit,**** **** **** 8139,10/2028,active,75000000,42606617
CRD0652,NBC0070,ACC00070,debit,**** **** **** 8852,10/2026,active,,
CRD0653,NBC0625,ACC00625,credit,**** **** **** 9892,04/2027,active,30000000,11199579
CRD0654,NBC0563,ACC00563,debit,**** **** **** 8357,09/2024,active,,
CRD0655,NBC0795,ACC01010,debit,**** **** **** 3160,08/2028,active,,
CRD0656,NBC0059,ACC00059,debit,**** **** **** 3427,07/2025,expired,,
CRD0657,NBC0579,ACC00579,debit,**** **** **** 3222,12/2027,active,,
CRD0658,NBC0010,ACC00010,debit,**** **** **** 3384,06/2024,active,,
CRD0659,NBC0039,ACC00039,debit,**** **** **** 4708,02/2026,active,,
CRD0660,NBC0854,ACC00854,debit,**** **** **** 3775,07/2024,active,,
CRD0661,NBC0173,ACC00173,debit,**** **** **** 9948,07/2029,blocked,,
CRD0662,NBC0345,ACC00345,debit,**** **** **** 6151,06/2027,active,,
CRD0663,NBC0297,ACC00297,debit,**** **** **** 2561,07/2026,expired,,
CRD0664,NBC0486,ACC00486,credit,**** **** **** 5838,01/2024,active,15000000,11085451
CRD0665,NBC0551,ACC00551,debit,**** **** **** 0104,03/2025,active,,
CRD0666,NBC0680,ACC00680,debit,**** **** **** 0393,03/2029,active,,
CRD0667,NBC0338,ACC01189,debit,**** **** **** 5456,09/2026,active,,
CRD0668,NBC0859,ACC00859,debit,**** **** **** 7790,07/2028,active,,
CRD0669,NBC0042,ACC01015,prepaid,**** **** **** 5538,04/2024,expired,,
CRD0670,NBC0328,ACC00328,debit,**** **** **** 2874,05/2029,active,,
CRD0671,NBC0799,ACC00799,debit,**** **** **** 4806,10/2029,active,,
CRD0672,NBC0877,ACC01124,credit,**** **** **** 6786,03/2027,active,75000000,35666511
CRD0673,NBC0604,ACC00604,debit,**** **** **** 7247,01/2025,active,,
CRD0674,NBC0630,ACC00630,debit,**** **** **** 6264,08/2029,active,,
CRD0675,NBC0520,ACC00520,credit,**** **** **** 6225,08/2025,active,50000000,16633658
CRD0676,NBC0290,ACC00290,debit,**** **** **** 5980,06/2028,active,,
CRD0677,NBC0754,ACC00754,debit,**** **** **** 9811,05/2025,active,,
CRD0678,NBC0489,ACC00489,debit,**** **** **** 7862,09/2027,active,,
CRD0679,NBC0169,ACC00169,debit,**** **** **** 4964,09/2025,active,,
CRD0680,NBC0403,ACC00403,prepaid,**** **** **** 8249,03/2024,active,,
CRD0681,NBC0296,ACC00296,credit,**** **** **** 8870,06/2028,active,100000000,14880375
CRD0682,NBC0906,ACC01042,credit,**** **** **** 1494,07/2025,active,15000000,12776153
CRD0683,NBC0568,ACC00568,debit,**** **** **** 9272,10/2026,active,,
CRD0684,NBC0286,ACC01175,debit,**** **** **** 5672,02/2028,expired,,
CRD0685,NBC0011,ACC00011,debit,**** **** **** 4595,05/2024,blocked,,
CRD0686,NBC0468,ACC00468,debit,**** **** **** 3786,11/2027,active,,
CRD0687,NBC0033,ACC01169,credit,**** **** **** 3703,08/2025,blocked,100000000,93677007
CRD0688,NBC0649,ACC00649,debit,**** **** **** 5735,04/2025,active,,
CRD0689,NBC0691,ACC00691,debit,**** **** **** 3258,04/2026,active,,
CRD0690,NBC0262,ACC00262,debit,**** **** **** 7289,05/2024,active,,
CRD0691,NBC0924,ACC00924,debit,**** **** **** 0664,09/2025,active,,
CRD0692,NBC0447,ACC00447,debit,**** **** **** 0580,01/2024,active,,
CRD0693,NBC0928,ACC00928,debit,**** **** **** 4387,04/2029,active,,
CRD0694,NBC0760,ACC00760,prepaid,**** **** **** 6560,06/2028,active,,
CRD0695,NBC0943,ACC01114,credit,**** **** **** 2213,02/2024,active,50000000,24645265
CRD0696,NBC0907,ACC00907,debit,**** **** **** 8768,08/2028,active,,
CRD0697,NBC0224,ACC01004,prepaid,**** **** **** 0884,10/2028,expired,,
CRD0698,NBC0389,ACC00389,debit,**** **** **** 0355,07/2028,active,,
CRD0699,NBC0661,ACC00661,debit,**** **** **** 7389,11/2029,expired,,
CRD0700,NBC0733,ACC00733,prepaid,**** **** **** 7814,04/2027,blocked,,
CRD0701,NBC0855,ACC00855,debit,**** **** **** 7131,07/2025,active,,
CRD0702,NBC0706,ACC00706,debit,**** **** **** 2405,11/2026,active,,
CRD0703,NBC0038,ACC00038,debit,**** **** **** 1283,11/2029,active,,
CRD0704,NBC0030,ACC01163,prepaid,**** **** **** 6366,01/2027,active,,
CRD0705,NBC0571,ACC00571,debit,**** **** **** 0042,05/2027,active,,
CRD0706,NBC0102,ACC00102,credit,**** **** **** 2844,10/2029,active,15000000,6416938
CRD0707,NBC0849,ACC00849,debit,**** **** **** 2594,01/2025,blocked,,
CRD0708,NBC0938,ACC00938,debit,**** **** **** 6346,11/2025,active,,
CRD0709,NBC0978,ACC00978,prepaid,**** **** **** 7669,12/2028,active,,
CRD0710,NBC0300,ACC00300,debit,**** **** **** 4190,01/2025,active,,
CRD0711,NBC0216,ACC00216,prepaid,**** **** **** 7168,10/2027,active,,
CRD0712,NBC0400,ACC01190,prepaid,**** **** **** 5799,10/2025,active,,
CRD0713,NBC0783,ACC00783,debit,**** **** **** 0341,10/2024,blocked,,
CRD0714,NBC0315,ACC00315,prepaid,**** **** **** 0934,10/2024,active,,
CRD0715,NBC0188,ACC00188,debit,**** **** **** 4007,04/2026,active,,
CRD0716,NBC0042,ACC01015,debit,**** **** **** 4149,08/2029,active,,
CRD0717,NBC0683,ACC00683,credit,**** **** **** 6242,07/2027,active,100000000,17105296
CRD0718,NBC0175,ACC00175,debit,**** **** **** 8292,04/2027,active,,
CRD0719,NBC0917,ACC00917,debit,**** **** **** 9327,12/2026,active,,
CRD0720,NBC0968,ACC00968,debit,**** **** **** 4211,01/2027,blocked,,
CRD0721,NBC0576,ACC00576,debit,**** **** **** 4741,09/2026,active,,
CRD0722,NBC0976,ACC00976,debit,**** **** **** 3484,01/2028,active,,
CRD0723,NBC0595,ACC00595,credit,**** **** **** 8181,07/2025,active,15000000,11283327
CRD0724,NBC0965,ACC00965,debit,**** **** **** 8803,01/2028,expired,,
CRD0725,NBC0580,ACC00580,debit,**** **** **** 1670,06/2026,active,,
CRD0726,NBC0906,ACC01042,debit,**** **** **** 4958,05/2027,active,,
CRD0727,NBC0863,ACC00863,debit,**** **** **** 3342,10/2025,active,,
CRD0728,NBC0982,ACC01070,credit,**** **** **** 8789,07/2029,active,15000000,12705650
CRD0729,NBC0455,ACC00455,debit,**** **** **** 2659,01/2029,active,,
CRD0730,NBC0693,ACC00693,credit,**** **** **** 8541,04/2029,active,5000000,1036573
CRD0731,NBC0680,ACC01198,credit,**** **** **** 7571,01/2024,active,50000000,18902505
CRD0732,NBC0058,ACC00058,debit,**** **** **** 4326,04/2025,active,,
CRD0733,NBC0575,ACC00575,debit,**** **** **** 2325,05/2028,active,,
CRD0734,NBC0297,ACC01058,debit,**** **** **** 2192,11/2025,active,,
CRD0735,NBC0666,ACC00666,prepaid,**** **** **** 2647,07/2024,active,,
CRD0736,NBC0282,ACC00282,debit,**** **** **** 2738,02/2028,active,,
CRD0737,NBC0069,ACC00069,debit,**** **** **** 0253,02/2026,blocked,,
CRD0738,NBC0671,ACC00671,prepaid,**** **** **** 0001,04/2025,blocked,,
CRD0739,NBC0342,ACC00342,debit,**** **** **** 1322,11/2025,expired,,
CRD0740,NBC0682,ACC00682,debit,**** **** **** 5778,12/2027,active,,
CRD0741,NBC0381,ACC00381,credit,**** **** **** 8922,01/2029,active,100000000,87358882
CRD0742,NBC0716,ACC00716,prepaid,**** **** **** 3801,12/2029,expired,,
CRD0743,NBC0380,ACC00380,prepaid,**** **** **** 0608,04/2026,active,,
CRD0744,NBC0117,ACC00117,credit,**** **** **** 8995,03/2029,expired,5000000,1166887
CRD0745,NBC0699,ACC00699,credit,**** **** **** 2864,10/2027,active,30000000,20800615
CRD0746,NBC0074,ACC00074,credit,**** **** **** 7046,11/2025,active,75000000,66864022
CRD0747,NBC0450,ACC00450,credit,**** **** **** 7168,04/2025,expired,20000000,8282713
CRD0748,NBC0877,ACC00877,prepaid,**** **** **** 9347,04/2025,active,,
CRD0749,NBC0698,ACC00698,debit,**** **** **** 9279,02/2028,active,,
CRD0750,NBC0670,ACC00670,credit,**** **** **** 8549,12/2025,active,10000000,6475643
CRD0751,NBC0289,ACC01161,credit,**** **** **** 0115,08/2029,active,30000000,2783809
CRD0752,NBC0234,ACC00234,debit,**** **** **** 0354,03/2029,blocked,,
CRD0753,NBC0173,ACC00173,credit,**** **** **** 0874,05/2028,active,15000000,5200483
CRD0754,NBC0420,ACC00420,debit,**** **** **** 8884,09/2026,active,,
CRD0755,NBC0077,ACC00077,debit,**** **** **** 7454,01/2025,blocked,,
CRD0756,NBC0365,ACC00365,debit,**** **** **** 5541,03/2027,active,,
CRD0757,NBC0041,ACC00041,debit,**** **** **** 4795,01/2027,active,,
CRD0758,NBC0541,ACC00541,debit,**** **** **** 9050,08/2025,active,,
CRD0759,NBC0410,ACC00410,credit,**** **** **** 6307,09/2029,blocked,75000000,9033738
CRD0760,NBC0931,ACC01105,prepaid,**** **** **** 1455,01/2026,active,,
CRD0761,NBC0179,ACC00179,prepaid,**** **** **** 4023,12/2029,active,,
CRD0762,NBC0059,ACC00059,debit,**** **** **** 9017,01/2029,expired,,
CRD0763,NBC0378,ACC01050,debit,**** **** **** 1202,08/2029,active,,
CRD0764,NBC0196,ACC01103,debit,**** **** **** 7122,12/2025,active,,
CRD0765,NBC0576,ACC00576,credit,**** **** **** 5480,06/2026,active,30000000,13953445
CRD0766,NBC0526,ACC00526,debit,**** **** **** 6892,05/2027,active,,
CRD0767,NBC0211,ACC01132,debit,**** **** **** 1815,06/2026,expired,,
CRD0768,NBC0371,ACC00371,prepaid,**** **** **** 8183,02/2024,active,,
CRD0769,NBC0431,ACC00431,debit,**** **** **** 2393,07/2029,blocked,,
CRD0770,NBC0522,ACC01002,prepaid,**** **** **** 0840,09/2029,active,,
CRD0771,NBC0053,ACC00053,debit,**** **** **** 8058,01/2027,active,,
CRD0772,NBC0225,ACC00225,debit,**** **** **** 2573,09/2028,active,,
CRD0773,NBC0897,ACC01139,debit,**** **** **** 9398,02/2029,active,,
CRD0774,NBC0735,ACC00735,debit,**** **** **** 8332,01/2026,active,,
CRD0775,NBC0093,ACC00093,credit,**** **** **** 3828,07/2025,active,30000000,26301820
CRD0776,NBC0234,ACC00234,debit,**** **** **** 9374,08/2024,expired,,
CRD0777,NBC0351,ACC00351,debit,**** **** **** 1104,02/2027,active,,
CRD0778,NBC0503,ACC00503,debit,**** **** **** 6000,01/2024,active,,
CRD0779,NBC0984,ACC00984,debit,**** **** **** 2547,01/2028,active,,
CRD0780,NBC0780,ACC00780,debit,**** **** **** 5288,04/2027,active,,
CRD0781,NBC0094,ACC01172,debit,**** **** **** 1122,03/2029,active,,
CRD0782,NBC0258,ACC00258,prepaid,**** **** **** 9206,06/2029,active,,
CRD0783,NBC0978,ACC00978,debit,**** **** **** 0849,09/2024,active,,
CRD0784,NBC0744,ACC00744,debit,**** **** **** 2971,05/2028,active,,
CRD0785,NBC0854,ACC00854,debit,**** **** **** 7879,03/2024,active,,
CRD0786,NBC0972,ACC00972,debit,**** **** **** 1688,08/2028,active,,
CRD0787,NBC0148,ACC00148,debit,**** **** **** 4801,05/2025,active,,
CRD0788,NBC0407,ACC01195,prepaid,**** **** **** 4416,03/2029,active,,
CRD0789,NBC0283,ACC00283,debit,**** **** **** 0485,06/2029,active,,
CRD0790,NBC0549,ACC01076,debit,**** **** **** 7617,03/2024,active,,
CRD0791,NBC0076,ACC00076,debit,**** **** **** 3604,06/2027,active,,
CRD0792,NBC0242,ACC00242,debit,**** **** **** 6775,01/2025,active,,
CRD0793,NBC0396,ACC00396,credit,**** **** **** 1335,04/2024,active,50000000,4308788
CRD0794,NBC0127,ACC01011,debit,**** **** **** 3669,09/2027,active,,
CRD0795,NBC0376,ACC00376,debit,**** **** **** 9748,07/2024,active,,
CRD0796,NBC0380,ACC00380,debit,**** **** **** 5589,06/2029,active,,
CRD0797,NBC0896,ACC00896,debit,**** **** **** 1364,05/2027,active,,
CRD0798,NBC0977,ACC00977,prepaid,**** **** **** 4225,12/2025,active,,
CRD0799,NBC0114,ACC01134,debit,**** **** **** 4411,08/2029,blocked,,
CRD0800,NBC0088,ACC00088,credit,**** **** **** 4450,05/2028,expired,10000000,6946192
